1Ground,SUPPORT,11,45.50%,2.1,0.8,3.8,7.1,0.9,236,10.3
,,,,,,,,,,
369,TOP,33,57.60%,3.4,3,2.6,5.7,7.9,389,24.1
,,,,,,,,,,
3z,TOP,20,35%,1.4,1.6,3.7,3.5,7.9,361,25.7
,,,,,,,,,,
5fire,MID,12,66.70%,2.9,3.1,3.1,5.9,7.3,361,30.4
,,,,,,,,,,
705,TOP,20,50%,2.3,1.6,3.2,5.8,7.2,343,21.6
,,,,,,,,,,
ADD,TOP,8,37.50%,2.5,2.1,3.4,6.4,6.3,335,21.9
,,,,,,,,,,
AHaHaCiK,JUNGLE,15,86.70%,5.7,4.5,2.1,7.5,5.6,390,18.3
,,,,,,,,,,
ALL IN,MID,11,54.50%,4.8,3.4,1.5,3.6,8,370,21.1
,,,,,,,,,,
Abbedagge,MID,18,33.30%,2.9,4.2,2.8,4.1,9.3,417,34.6
,,,,,,,,,,
Ablazeolive,MID,18,44.40%,2.6,2.6,3.2,5.7,8,368,31.9
,,,,,,,,,,
Absolut,ADC,15,66.70%,5.9,4.4,2,7.4,8.7,428,25.5
,,,,,,,,,,
Absolute,ADC,2,0%,1,1,4.5,3.5,6.2,316,13.7
,,,,,,,,,,
Absolute,SUPPORT,13,76.90%,4.5,1,2.7,11.2,1,251,10.6
,,,,,,,,,,
Acce,TOP,14,71.40%,3.7,2.1,1.9,5.1,8.1,382,23
,,,,,,,,,,
Ace,MID,21,66.70%,5.4,2.7,1.6,6,7.3,357,24.8
,,,,,,,,,,
Acefos,TOP,17,47.10%,1.8,2.2,4.2,5.5,6.9,342,22.2
,,,,,,,,,,
Achuu,ADC,2,50%,3.7,7,3.5,6,8.8,452,32.8
,,,,,,,,,,
Acidy,TOP,18,27.80%,1.9,1.7,3.5,4.8,7.7,365,26
,,,,,,,,,,
Aesenar,SUPPORT,26,42.30%,3.5,0.6,1.8,5.7,0.8,219,9.5
,,,,,,,,,,
Afm,SUPPORT,3,33.30%,2.5,0.7,2,4.3,1.6,247,24.8
,,,,,,,,,,
Afm,ADC,22,72.70%,6.5,5.2,1.9,7,8.6,425,30.8
,,,,,,,,,,
Agresivoo,TOP,18,61.10%,3.4,2.3,2.4,6,8.1,397,19.6
,,,,,,,,,,
Agurin,JUNGLE,24,62.50%,3,3.8,3.7,7.2,6.5,372,21.5
,,,,,,,,,,
Aiming,ADC,39,48.70%,5.5,4,1.4,3.7,10.5,461,35
,,,,,,,,,,
Aiming,SUPPORT,4,100%,12,2.8,0.8,6.3,2.1,333,25.2
,,,,,,,,,,
Aix,JUNGLE,29,55.20%,3.9,2.6,2.2,6.2,5.5,331,15.4
,,,,,,,,,,
Aizhon,SUPPORT,21,42.90%,5.4,0.5,1.7,8.6,1.1,223,7.3
,,,,,,,,,,
Akaadian,JUNGLE,20,65%,5.1,3.7,2.1,6.9,5.4,336,13.8
,,,,,,,,,,
Akeno,SUPPORT,9,22.20%,1.4,1.3,4.1,4.6,0.9,227,10.3
,,,,,,,,,,
Algos,SUPPORT,10,40%,3.2,0.7,2.6,7.5,0.9,213,7.2
,,,,,,,,,,
Aliez,TOP,24,4.20%,1.2,1.8,3.6,2.8,7.1,331,19.9
,,,,,,,,,,
Alive,SUPPORT,1,100%,4,4,3,8,2.6,327,27.3
,,,,,,,,,,
Alive,ADC,13,76.90%,4.6,5.8,2.5,5.5,10.2,472,29
,,,,,,,,,,
Alois,TOP,9,77.80%,6,3.8,1.7,6.2,9.8,459,26.6
,,,,,,,,,,
Aloned,MID,15,53.30%,3.4,3.6,2.9,6.3,7.4,374,27.4
,,,,,,,,,,
Alphari,TOP,30,60%,4.1,2.9,1.8,4.7,8.3,403,22.8
,,,,,,,,,,
Altec,ADC,18,33.30%,2.2,2.6,2.6,3,8.8,393,26.2
,,,,,,,,,,
Alternative,ADC,12,41.70%,2.8,2.6,2.6,4.8,8.9,409,27.7
,,,,,,,,,,
Alternative,SUPPORT,2,100%,-,6.5,0,11.5,2.1,373,24.6
,,,,,,,,,,
AnDa,JUNGLE,23,73.90%,6.8,3.7,1.7,8,5.5,335,13.9
,,,,,,,,,,
Angel,MID,38,44.70%,4.6,4.2,2.2,6,7.8,386,26.4
,,,,,,,,,,
Annyeong,SUPPORT,11,27.30%,2.4,0.6,3.9,8.8,0.9,217,9.1
,,,,,,,,,,
Annyeong,MID,6,33.30%,1.9,3,3.5,3.7,8.6,402,27.3
,,,,,,,,,,
Anyyy,MID,15,46.70%,4.5,3.1,2,5.9,7.8,372,29.9
,,,,,,,,,,
Aodi,TOP,17,64.70%,4.9,3.1,1.8,5.6,7,370,21.9
,,,,,,,,,,
Aoi Haru,TOP,15,26.70%,2.2,2.1,3.3,5.3,7,346,20.5
,,,,,,,,,,
Aoric,TOP,1,0%,1.8,0,5,9,3.3,236,9.4
,,,,,,,,,,
Aphromoo,SUPPORT,20,45%,2.5,0.6,2.6,5.7,1,217,5.8
,,,,,,,,,,
Api,SUPPORT,18,33.30%,1.8,0.2,3.8,6.8,1,214,6.2
,,,,,,,,,,
Api,TOP,7,42.90%,3,1.7,2.3,5.1,8.1,369,18.3
,,,,,,,,,,
Apollo,ADC,19,47.40%,7.5,3.6,1.2,5.1,9.3,416,28.4
,,,,,,,,,,
Appen,JUNGLE,8,50%,4.1,5.9,2.9,5.9,5.9,380,21.2
,,,,,,,,,,
Apples,MID,14,21.40%,2.4,2.6,2.8,4,8.3,374,27.8
,,,,,,,,,,
Aquasonic,TOP,14,42.90%,1.7,0.9,2.9,3.9,7.1,326,18.3
,,,,,,,,,,
Archer,SUPPORT,4,100%,20,2.8,0.5,7.3,2.7,336,27.1
,,,,,,,,,,
Archer,ADC,17,58.80%,4.7,3.8,2.2,6.4,9.6,442,30.4
,,,,,,,,,,
Aria,MID,25,44%,5.5,4.3,1.7,4.9,9.1,416,30.8
,,,,,,,,,,
Armut,TOP,16,62.50%,3.5,3.8,2.5,4.9,8.4,425,27.4
,,,,,,,,,,
Art,ADC,19,47.40%,4,4.2,2.2,4.3,9.7,430,32.8
,,,,,,,,,,
Artek,SUPPORT,9,22.20%,1.1,0.4,3.3,3.2,0.9,207,7.5
,,,,,,,,,,
Artemis,ADC,34,50%,4,4.2,2.6,6.4,10,464,28.7
,,,,,,,,,,
Artifact,MID,34,58.80%,3.3,3.6,2.7,5.3,8.4,409,25.4
,,,,,,,,,,
As6,JUNGLE,9,11.10%,1.4,1.3,4.1,4.6,4.5,282,12
,,,,,,,,,,
Asper,SUPPORT,5,80%,3.6,0.6,2.4,8,0.9,236,7
,,,,,,,,,,
Assassin,MID,21,42.90%,2.8,3.7,3.2,5.3,7.8,382,27.5
,,,,,,,,,,
Astra,SUPPORT,2,0%,0.7,0,4.5,3,1.3,213,10
,,,,,,,,,,
Asura,SUPPORT,4,75%,14.7,2.8,0.8,8.3,2,303,33.6
,,,,,,,,,,
Asura,ADC,22,36.40%,2.7,3.8,3.3,5.2,8.8,412,30.3
,,,,,,,,,,
Asza,ADC,18,44.40%,3.6,3.5,2.3,4.9,9.1,426,27
,,,,,,,,,,
Atlen,ADC,21,42.90%,3.8,2.8,2.5,6.8,9.2,416,27
,,,,,,,,,,
Attila,ADC,21,81%,11.8,5.1,0.9,5,10.5,488,32.5
,,,,,,,,,,
Attila,SUPPORT,5,80%,13.6,4.4,1,9.2,2.3,337,24.5
,,,,,,,,,,
Azhi,TOP,24,50%,3.1,3.5,2.8,4.9,7.5,378,22.6
,,,,,,,,,,
Aziado,TOP,23,56.50%,3.2,1.7,2,4.6,7.4,351,20.6
,,,,,,,,,,
BOSS,TOP,15,86.70%,5.5,3.6,1.8,6.3,7.1,390,19.7
,,,,,,,,,,
Babip,JUNGLE,25,84%,5.7,3.2,2,8,5.2,347,11.7
,,,,,,,,,,
Baca,MID,23,56.50%,4.9,3.3,1.6,4.3,8,378,23.7
,,,,,,,,,,
Backlund,MID,12,41.70%,4,4.3,2.1,4.2,8.6,395,28.1
,,,,,,,,,,
BadPie,TOP,24,54.20%,2.1,2.5,3.3,4.3,7.7,379,22.2
,,,,,,,,,,
Bakako,JUNGLE,19,36.80%,2,1.8,3.4,5.2,5,297,13.2
,,,,,,,,,,
BalKhan,JUNGLE,9,22.20%,2.2,3.6,4.4,6.2,5.6,334,24.2
,,,,,,,,,,
Bananitoo,ADC,6,50%,4.6,5.2,2.3,5.5,8.9,435,23.1
,,,,,,,,,,
Bando,TOP,17,70.60%,3.5,3.7,2.7,5.8,7.8,415,25.9
,,,,,,,,,,
Bang,SUPPORT,2,100%,-,4.5,0,11.5,2.7,336,26.1
,,,,,,,,,,
Bang,ADC,25,52%,5,3.3,1.6,4.5,9.3,420,29.6
,,,,,,,,,,
Barcode,ADC,18,27.80%,4.1,3.1,1.6,3.6,9.4,412,25.7
,,,,,,,,,,
Bas,JUNGLE,21,19%,2.1,2,3,4.5,5,301,16.5
,,,,,,,,,,
Baula,SUPPORT,13,15.40%,2.5,0.5,2.8,6.5,1,212,7.5
,,,,,,,,,,
Baula,ADC,1,0%,2,0,1,2,5.8,289,6.5
,,,,,,,,,,
Bdd,MID,41,70.70%,7.2,3.4,1.3,5.9,8.4,393,27.1
,,,,,,,,,,
BeBopBulli,SUPPORT,6,33.30%,3,0.8,4.5,12.5,1.1,235,8.6
,,,,,,,,,,
Bean,SUPPORT,2,100%,6.8,3,2,10.5,1.8,293,16.4
,,,,,,,,,,
Bean,ADC,18,50%,6.9,4.4,1.3,4.4,9.3,432,25.9
,,,,,,,,,,
Beansu,TOP,29,72.40%,4,1.9,1.9,5.7,8,384,19.3
,,,,,,,,,,
Beats,MID,5,40%,3,1.2,2.6,6.6,6.9,331,23.8
,,,,,,,,,,
Beats,TOP,9,22.20%,1.8,1.4,4,5.7,6,308,17.1
,,,,,,,,,,
Ben,SUPPORT,2,0%,0.7,0,4.5,3,0.8,197,12.7
,,,,,,,,,,
BeryL,ADC,4,100%,5.9,2.5,1.8,7.8,6.5,371,20
,,,,,,,,,,
BeryL,SUPPORT,23,47.80%,3.1,0.3,2.7,8,1.2,227,7
,,,,,,,,,,
BetaTwinz,SUPPORT,6,16.70%,1.4,0.2,3,4.2,1,206,4.7
,,,,,,,,,,
Betty,ADC,28,57.10%,6.4,4.3,1.5,5.1,9.7,445,27.7
,,,,,,,,,,
Betty,SUPPORT,5,60%,5.2,3.6,2.4,8.8,2.3,280,20.1
,,,,,,,,,,
Beyond,JUNGLE,6,50%,7.8,1.8,1,6,5.2,318,10.2
,,,,,,,,,,
Bgob,JUNGLE,6,0%,1.4,1.7,4.5,4.7,4.7,288,13.5
,,,,,,,,,,
Bie,SUPPORT,45,51.10%,3.6,0.7,2.5,8.4,1.1,234,8
,,,,,,,,,,
BigKoro,ADC,28,42.90%,3.1,2.7,2.3,4.4,8.8,401,22.9
,,,,,,,,,,
BigKoro,SUPPORT,6,33.30%,5.5,1.7,2,9.3,1.7,275,20.7
,,,,,,,,,,
Bin,TOP,16,37.50%,2.2,2.6,3.6,5.1,7.7,374,22
,,,,,,,,,,
BioPanther,TOP,21,33.30%,2.5,1.2,2.2,4.3,7.3,337,19.9
,,,,,,,,,,
Biob,JUNGLE,2,0%,1.7,2.5,4.5,5,3.7,284,13.1
,,,,,,,,,,
Biob,SUPPORT,14,28.60%,3.1,0.6,3.5,10.1,1,231,8.5
,,,,,,,,,,
Biofrost,SUPPORT,28,50%,3.6,0.7,2.1,6.8,1.1,226,7
,,,,,,,,,,
Biubiu,TOP,22,50%,2.7,2.4,3.3,6.5,6.6,349,18.5
,,,,,,,,,,
Bjergsen,MID,28,50%,5.8,3.5,1.4,4.8,8.4,389,27.4
,,,,,,,,,,
Blaber,JUNGLE,25,92%,5.9,4.1,2,7.7,6.2,375,18.1
,,,,,,,,,,
Black,ADC,12,66.70%,4.9,4.1,2.5,8.2,9,427,28.2
,,,,,,,,,,
Blazes,SUPPORT,4,75%,8.2,1,1.5,11.3,1.9,285,21.1
,,,,,,,,,,
Blazes,ADC,24,87.50%,5.1,4.2,2.3,7.4,9.2,444,25.6
,,,,,,,,,,
Bless,JUNGLE,4,0%,0.9,0.5,3.8,3,4.5,254,8.7
,,,,,,,,,,
Blizz,MID,28,67.90%,4.7,4.4,2.1,5.5,7.7,390,25.2
,,,,,,,,,,
Bloody,JUNGLE,14,0%,1.3,1.7,4.6,4.3,4.3,275,13
,,,,,,,,,,
Blue,MID,15,86.70%,7,4.7,1.4,5,9.4,439,26.5
,,,,,,,,,,
Blue45ty,SUPPORT,6,33.30%,1.9,1.2,3.2,5,1,230,7.4
,,,,,,,,,,
Blue45ty,ADC,2,0%,2,2.5,3.5,4.5,4.2,279,8.2
,,,,,,,,,,
Bobiistaa,TOP,17,29.40%,2.3,3.5,3.5,4.5,8.1,393,28.3
,,,,,,,,,,
BocaJR,SUPPORT,12,25%,2.8,1.1,3,7.2,1,225,9
,,,,,,,,,,
BocaJR,ADC,1,100%,9,0,1,9,6.2,322,14
,,,,,,,,,,
Bolszak,JUNGLE,17,23.50%,2.1,1.1,2.6,4.5,4.9,285,13
,,,,,,,,,,
Bolulu,MID,16,62.50%,4.3,4.3,2.4,5.9,8.2,401,26.9
,,,,,,,,,,
Boncuk,ADC,2,0%,1.5,2,5.5,6.5,7.8,357,21.6
,,,,,,,,,,
Bossey,MID,14,7.10%,2,2.2,2.8,3.4,7.8,350,25.1
,,,,,,,,,,
Brandini,TOP,24,70.80%,3.4,2.5,2.7,6.5,7,360,21.6
,,,,,,,,,,
Brandini,MID,1,0%,0,0,4,0,7.1,290,34.5
,,,,,,,,,,
Breezyyy,SUPPORT,20,45%,3,0.8,3.2,8.7,1,231,8.6
,,,,,,,,,,
Breezyyy,ADC,1,0%,0.6,2,5,1,5.3,285,21.6
,,,,,,,,,,
Brizz,SUPPORT,19,63.20%,4.6,0.7,2.5,10.8,1.2,241,8
,,,,,,,,,,
BroCColi,JUNGLE,4,0%,2.3,1,1.5,2.5,4.4,262,7.7
,,,,,,,,,,
Broken Blade,TOP,28,50%,3.6,3,2.2,4.9,7.3,370,25.1
,,,,,,,,,,
Broxah,JUNGLE,12,41.70%,4,1.5,1.8,5.4,4.7,292,10.5
,,,,,,,,,,
Bruce,SUPPORT,1,100%,8,3,2,13,1.6,332,24.5
,,,,,,,,,,
Bruce,ADC,20,85%,6.1,4.6,1.7,5.8,9.6,460,28.9
,,,,,,,,,,
Brucer,MID,6,33.30%,3.6,1.7,2,5.5,7.3,343,24
,,,,,,,,,,
Bruness,JUNGLE,24,66.70%,5.1,2.3,2,7.9,4.8,305,13.6
,,,,,,,,,,
Buggax,TOP,6,66.70%,4.8,5.2,2.2,5.2,9.1,454,32.1
,,,,,,,,,,
Bugi,JUNGLE,21,66.70%,5.3,3.3,1.8,6.3,5.7,347,17.6
,,,,,,,,,,
Bullet,SUPPORT,3,100%,43,7,0.3,7.3,2.4,367,31.2
,,,,,,,,,,
Bullet,ADC,21,61.90%,5.2,4.4,1.8,4.9,9.3,423,27.6
,,,,,,,,,,
Burnie,MID,16,31.30%,3.3,2.6,2.6,6,7.2,352,20.6
,,,,,,,,,,
But1,TOP,15,60%,2.4,1.8,2.7,4.6,7.3,365,22.4
,,,,,,,,,,
But1,MID,2,0%,1,0.5,5,4.5,6.7,310,19.4
,,,,,,,,,,
Bvoy,ADC,22,50%,3.9,3,1.9,4.5,9.3,415,27.2
,,,,,,,,,,
Bwipo,TOP,24,79.20%,4,3.1,2.5,6.7,7.5,396,25
,,,,,,,,,,
Bwipo,SUPPORT,1,0%,1.4,0,12,17,1,251,6.3
,,,,,,,,,,
CBL,SUPPORT,39,64.10%,3.1,0.9,3.1,8.5,1.1,243,7.6
,,,,,,,,,,
CBL,ADC,1,0%,1.7,0,3,5,5.4,276,9.2
,,,,,,,,,,
CHP,TOP,11,27.30%,1.6,2.6,4.8,5.3,6.5,335,23.3
,,,,,,,,,,
Cabochard,TOP,18,11.10%,1.7,1.3,2.9,3.6,7.8,356,22
,,,,,,,,,,
Caedrel,JUNGLE,18,38.90%,2.3,2.1,3.1,5.2,5.2,310,15.8
,,,,,,,,,,
Calmsky,SUPPORT,19,63.20%,3.1,2,3.8,9.6,1,255,9.8
,,,,,,,,,,
Calmsky,ADC,1,0%,0.3,0,7,2,4.1,229,8
,,,,,,,,,,
Candy,MID,25,72%,5.5,3.3,1.6,5.4,7.8,375,25
,,,,,,,,,,
Canee,JUNGLE,18,27.80%,2.8,3.1,3.6,6.9,5.2,326,17.1
,,,,,,,,,,
Canna,TOP,38,68.40%,6.4,2.3,1.3,5.8,7.7,376,21.6
,,,,,,,,,,
Canyon,JUNGLE,40,50%,3.3,1.5,2.4,6.3,5.3,312,12.1
,,,,,,,,,,
Cao,SUPPORT,21,38.10%,2,0.5,4,7.4,0.9,218,6.4
,,,,,,,,,,
Caps,ADC,25,72%,4.5,5.2,3,8.6,8.7,446,29.4
,,,,,,,,,,
Caps,SUPPORT,2,100%,6.5,3,3,16.5,2.2,336,22.7
,,,,,,,,,,
CapsChan,SUPPORT,2,0%,1.6,1,6.5,9.5,0.8,213,10.4
,,,,,,,,,,
Carbono,JUNGLE,17,29.40%,2.2,1.9,3.1,5.1,5.9,327,18.6
,,,,,,,,,,
Cariok,JUNGLE,6,66.70%,4.4,4.5,2.5,6.5,5.6,343,18.8
,,,,,,,,,,
Carzzy,SUPPORT,1,100%,12,4,1,8,2.9,336,21.3
,,,,,,,,,,
Carzzy,ADC,25,52%,3.4,4.5,2.7,4.5,9.2,435,28.3
,,,,,,,,,,
Cboi,JUNGLE,21,57.10%,3.9,2.5,2.5,7.1,6.1,338,17.6
,,,,,,,,,,
Celebrity,ADC,35,54.30%,4.4,5.2,2.2,4.4,8.9,436,28.8
,,,,,,,,,,
Celebrity,SUPPORT,4,75%,21.3,2.3,0.8,13.8,2,345,17.5
,,,,,,,,,,
Ceos,SUPPORT,15,33.30%,2.8,0.3,2.9,7.9,1,219,6.7
,,,,,,,,,,
Ceros,MID,19,73.70%,3.8,2.2,1.9,5.3,8,369,23
,,,,,,,,,,
Chance,SUPPORT,14,28.60%,2.5,0.5,3.7,8.6,1,222,7.6
,,,,,,,,,,
Chance,ADC,1,100%,3.5,0,2,7,5.3,298,7.1
,,,,,,,,,,
Chapapi,MID,9,77.80%,11.6,5.7,1,5.9,8.5,409,32.7
,,,,,,,,,,
Charger,TOP,14,28.60%,1.2,1.4,4.3,3.8,6.5,320,21.6
,,,,,,,,,,
Chase,MID,5,0%,1.6,1.2,2,2,7.6,333,32.2
,,,,,,,,,,
Chazz,MID,25,36%,3.4,4.1,2.5,4.4,8.5,398,29.4
,,,,,,,,,,
Checkfider,ADC,12,25%,1.9,2.9,3.8,4.3,8.3,375,26.4
,,,,,,,,,,
Chieftain,JUNGLE,12,25%,1.8,1.3,3.4,4.7,5.1,285,11.8
,,,,,,,,,,
Chilly,SUPPORT,23,52.20%,2.8,0.5,3.1,8,1,221,7.2
,,,,,,,,,,
Chippys,TOP,25,52%,3,2.7,2.2,4.1,7.7,383,20.3
,,,,,,,,,,
Chosen,JUNGLE,15,20%,2.1,1.3,3,4.9,4.4,278,10.4
,,,,,,,,,,
Chovy,TOP,3,66.70%,5,1.3,1,3.7,9.7,411,25.7
,,,,,,,,,,
Chovy,MID,40,67.50%,5.6,3.3,1.5,5.1,9.3,413,28.9
,,,,,,,,,,
Ciglio,ADC,1,0%,1,1,4,3,8.4,366,29
,,,,,,,,,,
Cinkrof,JUNGLE,18,44.40%,3,1.8,3.2,7.8,4.8,306,13.5
,,,,,,,,,,
Claire,MID,29,72.40%,4.8,3.7,2,6,8.1,401,27
,,,,,,,,,,
Click,SUPPORT,21,57.10%,3.4,0.6,3,9.5,0.9,229,9.3
,,,,,,,,,,
Clid,JUNGLE,41,70.70%,5.2,2.3,1.8,6.9,5.5,332,13.1
,,,,,,,,,,
Closer,JUNGLE,22,40.90%,2.5,1.6,2.5,4.5,5.1,303,10.9
,,,,,,,,,,
Coated,TOP,21,52.40%,2.1,2.3,3.5,5.1,7.2,368,24.4
,,,,,,,,,,
Cody Sun,ADC,28,46.40%,4.1,3.1,1.9,4.6,8.9,405,27.5
,,,,,,,,,,
Cohle,MID,35,60%,4.6,4.5,2.3,5.9,7.7,393,23.8
,,,,,,,,,,
Color,TOP,17,58.80%,2.9,4.2,2.9,4.2,7.7,410,23
,,,,,,,,,,
Comp,ADC,19,15.80%,2.1,2.8,2.6,2.6,10,415,29.5
,,,,,,,,,,
Contractz,JUNGLE,21,42.90%,2.3,2.9,3.9,6.1,5,320,16.8
,,,,,,,,,,
Copy C,TOP,1,0%,1,2,3,1,5.2,280,19.7
,,,,,,,,,,
CoreJJ,SUPPORT,18,38.90%,4.7,0.1,1.4,6.7,1.1,221,6.4
,,,,,,,,,,
Corporal,SUPPORT,15,26.70%,2.7,0.7,2.6,6.4,0.9,209,7.5
,,,,,,,,,,
Corporal,ADC,1,100%,9,1,1,8,6.2,314,10.3
,,,,,,,,,,
Cospect,SUPPORT,23,73.90%,4.4,0.8,2.6,10.5,1.3,254,8.3
,,,,,,,,,,
Cotopaco,MID,14,78.60%,4.4,2.4,1.6,4.8,7.6,360,29.8
,,,,,,,,,,
Counter,SUPPORT,2,50%,3,3.5,3.5,7,1.6,292,21.2
,,,,,,,,,,
Counter,ADC,15,46.70%,3.8,5,3,6.5,7.4,403,29.8
,,,,,,,,,,
Cover,MID,22,54.50%,2.7,2.4,2.8,5,8.8,389,25.6
,,,,,,,,,,
Cpt Lipanek,JUNGLE,14,64.30%,3.8,3.6,3,7.7,4.7,325,14.5
,,,,,,,,,,
CrAzY,JUNGLE,14,21.40%,1.8,1.9,4,5.5,4.7,293,17.4
,,,,,,,,,,
Crazy,TOP,21,47.60%,3.2,2.7,2.5,5.4,7.4,360,22
,,,,,,,,,,
Crecre,SUPPORT,3,0%,0.9,0.3,3.7,3,1,201,11.3
,,,,,,,,,,
Creon,SUPPORT,3,0%,1.1,1.7,4.7,3.3,1.6,253,21.3
,,,,,,,,,,
Creon,ADC,11,9.10%,2,3.9,4,4.1,8,377,26.4
,,,,,,,,,,
Cribob,SUPPORT,9,11.10%,1.5,0.6,4.4,6.1,0.9,204,9.6
,,,,,,,,,,
Cribob,ADC,3,0%,1.4,1,4.7,5.3,4.5,263,9
,,,,,,,,,,
Crisp,SUPPORT,32,68.80%,5.1,0.5,2,9.9,1,236,6.9
,,,,,,,,,,
Crisp,ADC,1,100%,-,2,0,13,5.6,340,11.7
,,,,,,,,,,
Croc,JUNGLE,29,72.40%,4.4,3.5,2.7,8.1,5.8,362,16.7
,,,,,,,,,,
Croco,JUNGLE,2,100%,25,4.5,0.5,8,6,365,17.3
,,,,,,,,,,
Crocomux,MID,14,7.10%,2,1.9,3.1,4.4,7.2,335,24.2
,,,,,,,,,,
Croka,ADC,1,0%,2.2,6,5,5,8.2,401,27.4
,,,,,,,,,,
Crown,MID,8,12.50%,1.7,2.6,3.3,2.9,7.5,343,25.3
,,,,,,,,,,
Crownshot,ADC,18,22.20%,3,2.7,1.8,2.8,10.1,424,28.7
,,,,,,,,,,
Cryin,MID,35,65.70%,6.4,5.5,2.1,8.1,8.3,424,28.9
,,,,,,,,,,
CuVee,TOP,43,39.50%,1.9,2.2,3.1,3.9,7.5,357,24.1
,,,,,,,,,,
Cube,TOP,41,46.30%,3.1,2,2.3,5.1,7.2,353,20.8
,,,,,,,,,,
Cult,TOP,6,50%,1.9,3.3,4.2,4.7,7.6,373,20.4
,,,,,,,,,,
Cupcake,SUPPORT,8,25%,1.7,0.6,3.8,5.8,1.2,224,9.7
,,,,,,,,,,
Curse,TOP,33,48.50%,2.2,2.4,2.8,3.7,7.9,380,23.7
,,,,,,,,,,
Cuzz,JUNGLE,33,66.70%,6.1,1.6,1.4,6.9,5.4,312,14.8
,,,,,,,,,,
Czajek,MID,24,66.70%,4,3.8,2.2,5,8.5,392,26.9
,,,,,,,,,,
Czaru,TOP,17,23.50%,1.6,2,2.8,2.5,6.6,322,22.7
,,,,,,,,,,
Czekolad,MID,25,76%,3.7,3.8,2.1,4,9.2,425,26.3
,,,,,,,,,,
DNK,JUNGLE,39,56.40%,3.9,3.3,2.7,7.1,5.5,349,17.4
,,,,,,,,,,
DREAMPYLLA,TOP,15,93.30%,6.1,2.7,1.7,7.5,7.3,378,20.4
,,,,,,,,,,
Dalijes,JUNGLE,17,41.20%,3.3,2.1,3,7.9,4.6,303,12.3
,,,,,,,,,,
Damage,SUPPORT,12,41.70%,2,0.8,3.5,6.3,1.2,221,7.8
,,,,,,,,,,
Damage,ADC,3,66.70%,8.3,1.7,1.3,9.3,4.6,293,9.2
,,,,,,,,,,
Dambaj,ADC,13,23.10%,2.6,2.2,2.5,4.1,8.3,364,23.1
,,,,,,,,,,
Dambaj,SUPPORT,1,0%,8,1,1,7,1.7,252,21.7
,,,,,,,,,,
Damonte,MID,22,59.10%,5,4.1,2.1,6.3,8.3,391,28.5
,,,,,,,,,,
Dan Dan,TOP,22,50%,2.7,2.2,2.5,4.6,8,391,24.3
,,,,,,,,,,
DanChung,MID,5,60%,2.9,1.8,2.6,5.8,7.5,347,25
,,,,,,,,,,
Dany,SUPPORT,4,75%,6.1,2.5,2,9.8,2.6,312,26.2
,,,,,,,,,,
Dany,ADC,27,63%,3.9,4.8,3.1,7.2,7.6,406,24.8
,,,,,,,,,,
Dardoch,JUNGLE,28,50%,2.4,1.9,3.5,6.4,4.4,291,12.9
,,,,,,,,,,
Dasher,TOP,14,28.60%,2.1,2.9,3.1,3.6,7.9,367,28.1
,,,,,,,,,,
Davidao,TOP,14,28.60%,2.4,2.6,3,4.6,7.4,355,26
,,,,,,,,,,
Daylight,JUNGLE,2,0%,1.4,0.5,2.5,3,4.7,285,11.6
,,,,,,,,,,
Decay,MID,18,61.10%,6.5,4.7,1.6,5.8,8.6,408,28.4
,,,,,,,,,,
Decoy,ADC,1,100%,3.3,4,4,9,8.3,413,23.5
,,,,,,,,,,
Decoy,SUPPORT,17,64.70%,3.7,0.5,2.2,7.6,1,239,8.2
,,,,,,,,,,
Defles,ADC,4,25%,3.9,2.5,1.8,4.3,8.9,379,27.3
,,,,,,,,,,
Defles,SUPPORT,2,100%,12.5,4,1,8.5,1.6,311,25.3
,,,,,,,,,,
Deft,ADC,41,65.90%,5,4,1.8,4.8,10.1,451,29
,,,,,,,,,,
Deft,SUPPORT,2,100%,-,6.5,0,7.5,2.7,388,31.4
,,,,,,,,,,
Deftly,ADC,24,66.70%,6.2,4.3,1.7,5.9,9.7,449,27.7
,,,,,,,,,,
Deftly,SUPPORT,1,100%,-,4,0,12,2.8,327,22.7
,,,,,,,,,,
Deidara,TOP,18,66.70%,3.5,2.7,2.9,7.4,7.1,368,20.1
,,,,,,,,,,
Delitto,TOP,8,50%,2.7,2.4,3.5,7,6.8,366,20.3
,,,,,,,,,,
Demon,JUNGLE,21,42.90%,3.1,1.7,2.9,7.2,4.8,294,13.4
,,,,,,,,,,
Den Voksne,ADC,6,33.30%,2.4,7,4.8,4.8,9.1,458,35.4
,,,,,,,,,,
Dennis,SUPPORT,14,35.70%,3.4,0.6,2.2,6.9,1,222,9.1
,,,,,,,,,,
Denyk,SUPPORT,22,50%,3.7,0.6,2,7,1,225,7.2
,,,,,,,,,,
Deoxys,MID,3,0%,1.5,3,3.3,2,7,334,26.2
,,,,,,,,,,
Destiny,SUPPORT,29,58.60%,3.5,0.8,2.8,8.8,0.9,229,7.8
,,,,,,,,,,
Destiny,ADC,1,100%,-,0,0,3,7.7,345,7.4
,,,,,,,,,,
Deus,TOP,18,22.20%,2.2,1.8,2.6,3.8,8,368,23.4
,,,,,,,,,,
Dhokla,TOP,25,56%,3.1,3.1,2.7,5.1,7.4,382,24.7
,,,,,,,,,,
Dia1,MID,32,84.40%,7,7.2,2,6.7,8.4,464,28
,,,,,,,,,,
Diagu,JUNGLE,7,0%,1.7,1.9,4,4.9,5,289,12.8
,,,,,,,,,,
Diamond,SUPPORT,22,77.30%,4.7,1.1,2.6,11.3,1.1,246,7.7
,,,,,,,,,,
Diamondprox,JUNGLE,14,50%,2.7,2.6,3.7,7.4,5.4,330,16.1
,,,,,,,,,,
DiggerWacks,TOP,16,37.50%,2.2,2.6,4.1,6.4,5.8,320,18.2
,,,,,,,,,,
Dimonko,SUPPORT,14,28.60%,2.6,0.8,3.6,8.6,0.9,221,9.9
,,,,,,,,,,
Dimonko,ADC,1,0%,0.1,1,7,0,4.7,267,12.5
,,,,,,,,,,
Diplex,MID,17,29.40%,2.9,4.3,3.2,4.8,7.1,366,25.6
,,,,,,,,,,
Disave,ADC,8,37.50%,2.7,3.4,3,4.8,8.1,385,27.5
,,,,,,,,,,
Divkid,ADC,45,51.10%,3.9,5,2.5,5,9.6,448,29.8
,,,,,,,,,,
Django,TOP,20,25%,1.8,3,4.5,4.8,7.6,367,20.9
,,,,,,,,,,
Django,MID,1,0%,1.2,1,6,6,4.5,255,11.8
,,,,,,,,,,
Djoko,JUNGLE,14,14.30%,2.3,2.1,3.4,5.7,5,303,15.4
,,,,,,,,,,
Dk,JUNGLE,8,37.50%,2.6,2.4,3,5.5,5.3,323,17
,,,,,,,,,,
Do1u1u,SUPPORT,4,0%,1.7,0.5,2.8,4.3,1.1,202,8.7
,,,,,,,,,,
DoeDoii,JUNGLE,19,31.60%,2.1,1.6,3.6,6.1,5.1,305,12.6
,,,,,,,,,,
Doil,JUNGLE,1,0%,1.8,0,4,7,4.2,252,6.1
,,,,,,,,,,
Doinb,MID,33,69.70%,5.6,4.3,2,6.9,8.4,425,30.2
,,,,,,,,,,
DonArts,JUNGLE,20,55%,2.9,2.1,3,6.7,5.3,321,13.6
,,,,,,,,,,
Doran,TOP,40,67.50%,3.4,2,2.2,5.5,8.3,381,19.4
,,,,,,,,,,
Doss,SUPPORT,18,61.10%,3.4,0.8,3.1,9.8,1.1,237,8.4
,,,,,,,,,,
DoubleAiM,JUNGLE,11,27.30%,2.4,4,3.9,5.5,5.5,332,18.3
,,,,,,,,,,
Doublelift,ADC,15,33.30%,3.3,3,1.9,3.1,10.1,433,26.4
,,,,,,,,,,
Dove,MID,36,41.70%,3.3,2.2,1.8,3.9,8.4,375,25.9
,,,,,,,,,,
Doxy,TOP,18,61.10%,4.6,2.6,1.9,6.4,7.1,361,21.5
,,,,,,,,,,
DrMatt,ADC,9,33.30%,4.9,3.9,1.8,4.8,7.7,373,23.6
,,,,,,,,,,
Dragku,TOP,18,33.30%,2,2.3,3.2,4.1,7.2,355,22.7
,,,,,,,,,,
Dread,JUNGLE,13,30.80%,2.1,1.3,2.8,4.8,4.8,286,11.2
,,,,,,,,,,
Dread,MID,21,61.90%,5.9,4.6,1.8,6.1,8.9,433,27
,,,,,,,,,,
DreamS,SUPPORT,18,33.30%,2.3,0.4,3.1,6.5,1,217,7
,,,,,,,,,,
DreamerAce,ADC,1,0%,0.8,0,5,4,4.8,239,4.6
,,,,,,,,,,
DreamerAce,SUPPORT,23,65.20%,4.8,0.6,2.3,10.4,0.7,233,7.9
,,,,,,,,,,
Dreedy,TOP,21,61.90%,3.9,4.7,2.3,4.4,8.4,431,23
,,,,,,,,,,
Drop,ADC,23,52.20%,2.8,3.6,2.7,3.9,9.4,427,29.5
,,,,,,,,,,
Drop,SUPPORT,1,100%,16,4,1,12,1,280,28.3
,,,,,,,,,,
DuaLL,SUPPORT,18,38.90%,3.1,0.8,2.4,6.7,1.2,229,11.1
,,,,,,,,,,
Duan,ADC,4,75%,2.7,1.3,2.8,6.3,4.9,298,7.2
,,,,,,,,,,
Duan,SUPPORT,29,31%,2,0.7,3.7,6.6,1.2,227,8.2
,,,,,,,,,,
DudsTheBoy,ADC,7,28.60%,2.9,2.7,2.6,4.7,8.8,400,26.9
,,,,,,,,,,
Dumbledoge,SUPPORT,4,25%,1.6,0.8,3.5,5,1.2,223,8
,,,,,,,,,,
DyBer,JUNGLE,14,28.60%,2.2,1.7,3.6,6.1,4.7,290,13.6
,,,,,,,,,,
EMENES,MID,10,90%,6.2,5.1,1.9,6.6,9,460,33.2
,,,,,,,,,,
EasyLove,ADC,1,100%,4.3,6,3,7,9,448,22.8
,,,,,,,,,,
Eckas,JUNGLE,18,66.70%,5.7,4.1,2.2,8.3,5.6,350,18.6
,,,,,,,,,,
Edward,ADC,1,0%,1.7,1,3,4,5.3,271,9.6
,,,,,,,,,,
Edward,SUPPORT,13,53.80%,2.9,1.5,3.5,8.7,1,240,10.5
,,,,,,,,,,
Effort,SUPPORT,41,68.30%,3.6,0.8,2.2,7.3,1.1,232,6.2
,,,,,,,,,,
Effort,ADC,1,0%,4.5,3,2,6,5.1,305,8.6
,,,,,,,,,,
Eika,MID,19,42.10%,3.1,2.4,1.8,3.3,8.7,376,27.1
,,,,,,,,,,
EliWood,SUPPORT,15,40%,3.3,0.9,3.2,9.6,1.2,235,11.3
,,,,,,,,,,
Ellim,JUNGLE,9,66.70%,6.3,1.7,1.7,8.9,5.2,336,11.9
,,,,,,,,,,
Elramir,JUNGLE,15,46.70%,3.8,1.8,3.1,10.1,5.2,317,14
,,,,,,,,,,
Elyoya,JUNGLE,29,72.40%,5.3,2.8,1.9,7,5.7,337,14.7
,,,,,,,,,,
Emelg,SUPPORT,4,50%,4.9,1,2,8.8,1.3,237,8.3
,,,,,,,,,,
Emp,MID,14,14.30%,2.8,2.6,2.2,3.6,8.4,370,34.1
,,,,,,,,,,
Emperor,TOP,14,7.10%,1.6,2.7,3.2,2.4,7.1,345,23.7
,,,,,,,,,,
Emtest,SUPPORT,1,0%,11,4,1,7,2,291,22.5
,,,,,,,,,,
Emtest,ADC,14,50%,4.7,4.1,2.1,5.9,8.6,408,26.1
,,,,,,,,,,
Endz,ADC,19,73.70%,5.9,5.3,1.9,6.2,9,457,26.8
,,,,,,,,,,
Enjawve,SUPPORT,18,55.60%,3.3,1.1,3.4,10.2,0.9,239,10.1
,,,,,,,,,,
Enso,JUNGLE,24,50%,3.2,1.8,2.9,7.5,4.6,299,11.3
,,,,,,,,,,
Enty,ADC,2,100%,8,0,1,8,5,296,7.1
,,,,,,,,,,
Enty,SUPPORT,17,58.80%,3.2,0.6,1.7,4.8,0.9,219,8
,,,,,,,,,,
Envy,MID,9,22.20%,2.8,3.8,2.7,3.6,7.7,365,22.3
,,,,,,,,,,
EnvyCarry,MID,24,62.50%,3.1,3.3,3,6,7,364,21.2
,,,,,,,,,,
Epic,JUNGLE,12,41.70%,3.2,2.8,2.6,5.5,5.3,322,14.6
,,,,,,,,,,
Eradan,TOP,6,0%,0.9,1.2,5.8,3.8,6.9,331,23.5
,,,,,,,,,,
Erdote,ADC,5,80%,8.3,1.2,1.2,8.8,5.8,328,9.5
,,,,,,,,,,
Erdote,SUPPORT,21,81%,5,0.6,2,9.7,1,237,7.6
,,,,,,,,,,
Eren,MID,19,63.20%,3,3.9,3.4,6.2,7.6,389,25.7
,,,,,,,,,,
Eric,MID,1,100%,1.5,3,4,3,6.6,371,16.3
,,,,,,,,,,
Eric,TOP,2,0%,0.5,1,5,1.5,6.4,307,21.3
,,,,,,,,,,
Evi,TOP,19,73.70%,4.4,4.1,2.1,4.9,7.7,404,28.4
,,,,,,,,,,
Evolved,MID,25,56%,3.2,3.3,2.6,5,8.4,388,27.7
,,,,,,,,,,
Evrot,MID,6,66.70%,5,4.5,2,5.5,7.5,379,23.1
,,,,,,,,,,
Execute,SUPPORT,2,0%,1.1,1,4,3.5,0.9,198,8.6
,,,,,,,,,,
Exosen,ADC,18,33.30%,2.4,4.2,3.5,4.2,8.9,411,27.2
,,,,,,,,,,
Exosen,SUPPORT,1,0%,2.3,2,4,7,2.6,291,22.7
,,,,,,,,,,
Expect,TOP,18,38.90%,2.1,2,3.2,4.7,7.6,371,21.7
,,,,,,,,,,
Eyla,SUPPORT,23,56.50%,4.8,0.5,2.2,9.8,0.9,231,9.8
,,,,,,,,,,
Eyla,ADC,2,100%,12.5,0.5,1,12,6.9,342,13.6
,,,,,,,,,,
F4rg,TOP,18,55.60%,2.5,2.4,3.2,5.7,7.1,358,23.5
,,,,,,,,,,
FATE,MID,4,0%,2.6,2.3,3,5.5,8.5,376,24.9
,,,,,,,,,,
FBI,ADC,22,40.90%,3.1,2.1,1.8,3.3,9.4,406,30.9
,,,,,,,,,,
FORG1VEN,ADC,6,0%,1.8,1.5,2.8,3.5,9.5,397,22.8
,,,,,,,,,,
FakeGod,TOP,21,42.90%,3.4,2,2,4.8,7.9,375,22.1
,,,,,,,,,,
Faker,MID,42,66.70%,5.4,2.8,1.5,5.1,8.9,399,26.8
,,,,,,,,,,
Fallen Angel,JUNGLE,7,42.90%,4.2,3.3,2.9,8.7,5.7,353,16.8
,,,,,,,,,,
Fanatiik,JUNGLE,18,38.90%,2.8,2.2,2.9,5.8,4.8,300,13.3
,,,,,,,,,,
Farfetch,ADC,1,100%,5.5,2,2,9,4.6,309,18
,,,,,,,,,,
Farfetch,SUPPORT,7,100%,4.3,0.7,2.1,8.4,1,238,6.3
,,,,,,,,,,
Fastlegged,SUPPORT,4,100%,10.3,1.3,1,9,0.8,243,8.2
,,,,,,,,,,
Febiven,MID,22,50%,3.3,3.3,2.1,3.7,8.5,395,27.3
,,,,,,,,,,
FeeNiixZ,MID,26,42.30%,2.1,1.6,2.3,3.4,8.7,370,20.9
,,,,,,,,,,
Feitan,SUPPORT,14,14.30%,1.4,0.9,4.4,5.2,1.4,231,7.3
,,,,,,,,,,
Feiz,ADC,6,50%,7.8,3.3,0.8,3.2,9.5,427,24.5
,,,,,,,,,,
FeniX,SUPPORT,1,0%,0.7,1,3,1,1.5,247,20
,,,,,,,,,,
FeniX,ADC,21,61.90%,6.1,4.9,2,7,8.4,410,32.9
,,,,,,,,,,
Ferret,JUNGLE,15,53.30%,4.6,3.2,2.4,7.8,4.8,312,15.4
,,,,,,,,,,
Fill,ADC,1,0%,1,1,3,2,5.4,260,5.2
,,,,,,,,,,
Fill,SUPPORT,17,23.50%,1.9,0.9,3.3,5.2,1.1,222,7.7
,,,,,,,,,,
Finn,TOP,26,50%,2.3,2,2.6,4,7.5,363,23.1
,,,,,,,,,,
FireRain,MID,2,100%,11,2,1,9,8.5,382,19.9
,,,,,,,,,,
Fitz,TOP,7,57.10%,3.1,2.4,2.7,6,7.5,375,21.2
,,,,,,,,,,
Flakked,ADC,28,64.30%,4.8,4,2,5.8,8.8,415,23.4
,,,,,,,,,,
Flakked,SUPPORT,2,0%,3.1,4,3.5,7,2.3,285,21.8
,,,,,,,,,,
Flandre,TOP,33,36.40%,2.2,2.3,3.4,5,7.9,376,22.7
,,,,,,,,,,
Flawless,JUNGLE,40,40%,2.5,2.1,3,5.6,5.1,308,12.2
,,,,,,,,,,
Fly,MID,33,39.40%,2.8,2.1,2.5,5.1,7.3,341,21.4
,,,,,,,,,,
FoFo,MID,40,45%,4.6,3.4,1.9,5.2,8.2,383,29.6
,,,,,,,,,,
Focus,ADC,14,42.90%,2.4,3,2.8,3.7,9,406,27.5
,,,,,,,,,,
Forge,MID,31,54.80%,3.4,3.8,2.7,5.3,8.3,398,27.5
,,,,,,,,,,
Forsaken,SUPPORT,8,50%,2.7,0.4,3.6,9.3,1,229,6.2
,,,,,,,,,,
Four,JUNGLE,15,93.30%,5.7,3.3,2.2,9.2,5.4,348,16.8
,,,,,,,,,,
Fr0zen,TOP,22,63.60%,4.2,2.6,2.2,6.6,7.4,375,22.2
,,,,,,,,,,
Fragas,JUNGLE,18,22.20%,1.7,1.3,3.6,4.6,4.9,291,14.6
,,,,,,,,,,
Freeze,ADC,20,55%,4.8,3.8,2.1,6,9.1,431,25.1
,,,,,,,,,,
Freeze,SUPPORT,1,100%,-,7,0,7,5,463,25.9
,,,,,,,,,,
Freshx,JUNGLE,1,0%,1.3,2,4,3,3.5,253,10.1
,,,,,,,,,,
Fresskowy,MID,14,21.40%,3.1,2.4,2.3,4.6,7.7,355,23.4
,,,,,,,,,,
Froggen,MID,20,45%,4.8,2.7,1.5,4.5,8.5,377,30.3
,,,,,,,,,,
Froggy,ADC,1,0%,1.8,1,4,6,7.2,334,26.6
,,,,,,,,,,
Froggy,MID,12,33.30%,2.3,2.6,3.6,5.5,6.8,342,22.6
,,,,,,,,,,
Frozen,MID,14,42.90%,3.4,3.4,2.2,4.2,7.8,366,33
,,,,,,,,,,
Fudge,TOP,22,77.30%,5.7,3.1,2,8.3,7,373,20.4
,,,,,,,,,,
Furyy,JUNGLE,14,28.60%,1.8,1.6,4.1,5.5,4.5,282,12.7
,,,,,,,,,,
G4,MID,20,35%,1.9,2.4,4.3,5.8,7.6,362,26.7
,,,,,,,,,,
GALA,SUPPORT,1,0%,1,0,2,2,2,239,35.1
,,,,,,,,,,
GALA,ADC,30,40%,3.7,3,2.2,5.2,9.4,419,30.2
,,,,,,,,,,
Gabbo,TOP,19,73.70%,5,4.3,1.9,5.4,7.3,395,22.7
,,,,,,,,,,
Gabbo,MID,4,75%,12.6,9,1.3,6.8,8.3,479,33.3
,,,,,,,,,,
Gadget,SUPPORT,3,100%,9.7,5,2,14.3,1.5,364,29.3
,,,,,,,,,,
Gadget,ADC,12,83.30%,5.4,3.5,1.8,5.9,8.7,434,23.1
,,,,,,,,,,
Gaeng,SUPPORT,19,73.70%,6.3,1,1.5,8.3,1.2,241,7.5
,,,,,,,,,,
Gagai,ADC,8,50%,4.5,4.1,2.3,6,9.2,429,27.2
,,,,,,,,,,
Gango,SUPPORT,2,50%,3.8,0.5,2.5,9,3.2,284,32.5
,,,,,,,,,,
Gango,ADC,23,43.50%,3.9,4.3,2.5,5.3,9.1,425,31.1
,,,,,,,,,,
Ganknam,JUNGLE,2,0%,1.2,1,4.5,4.5,4.6,261,11.6
,,,,,,,,,,
Garden,ADC,5,40%,3.3,3,2.4,4.8,9.9,424,26.1
,,,,,,,,,,
Gariaru,MID,16,31.30%,3.1,1.8,2.2,5.1,8.2,366,26.2
,,,,,,,,,,
Garo,ADC,15,53.30%,4.2,4.3,2.2,4.9,8.6,418,28.8
,,,,,,,,,,
Gate,SUPPORT,18,38.90%,2.8,0.9,2.9,7.2,1,229,7.6
,,,,,,,,,,
Gavotto,ADC,2,0%,1.2,1.5,2.5,1.5,7.9,348,24.1
,,,,,,,,,,
Gemini,JUNGLE,21,85.70%,5.6,3.1,1.8,6.7,5.2,338,12.2
,,,,,,,,,,
Gengar,JUNGLE,6,0%,0.9,0.2,2.8,2.5,4.5,260,15.6
,,,,,,,,,,
Genthix,SUPPORT,14,78.60%,5.8,0.6,1.4,7.4,1.2,239,6.3
,,,,,,,,,,
GentlemanHero,TOP,14,7.10%,0.9,2.9,5.9,2.7,8.3,378,29.3
,,,,,,,,,,
Getback,MID,21,33.30%,2.9,2.9,2.2,3.6,7.6,356,24.8
,,,,,,,,,,
Ghost,ADC,11,54.50%,4,5.5,2.3,3.5,10.2,461,31.3
,,,,,,,,,,
Ghost,SUPPORT,3,100%,12.3,2,1,10.3,3.8,338,14.5
,,,,,,,,,,
Gilius,JUNGLE,23,56.50%,3.5,2,2.7,7.5,5.2,316,15.1
,,,,,,,,,,
GimGoon,TOP,20,80%,5.1,2.6,1.6,5.3,7.4,368,18.4
,,,,,,,,,,
Giyuu,MID,11,81.80%,3.5,4.2,3.3,7.3,8.3,413,29.5
,,,,,,,,,,
Glebo,TOP,16,43.80%,2.8,2.3,2.6,5.1,7.1,361,21.6
,,,,,,,,,,
Glowcore,TOP,5,20%,1.2,0.6,3.4,3.4,5.9,290,16.4
,,,,,,,,,,
Glowing,MID,15,20%,3.1,3.4,2.1,3.1,8.6,387,24.4
,,,,,,,,,,
Godux,TOP,6,0%,0.8,2.3,5.5,2,7.5,350,16.7
,,,,,,,,,,
Goku,MID,15,66.70%,3.7,4.9,3,6.2,7.5,396,25.3
,,,,,,,,,,
GoldenGod,SUPPORT,1,0%,3,5,5,10,2.8,344,29.4
,,,,,,,,,,
GoldenGod,ADC,17,23.50%,1.6,2.1,3.7,3.6,7.5,348,23.4
,,,,,,,,,,
Goldenglue,MID,22,40.90%,2.2,2.2,2.6,3.5,8,366,27.4
,,,,,,,,,,
Goose,SUPPORT,4,100%,17.3,2.5,0.8,10.5,1.8,294,19.6
,,,,,,,,,,
Goose,ADC,5,60%,5.4,4.6,2.2,7.2,9,434,22.5
,,,,,,,,,,
Gorica,ADC,18,44.40%,3.4,3.1,2.3,4.8,8.8,403,22.8
,,,,,,,,,,
GorillA,SUPPORT,32,37.50%,3,0.5,2.3,6.4,0.8,215,8
,,,,,,,,,,
GorillA,ADC,2,100%,-,0,0,8,5.7,309,8.2
,,,,,,,,,,
Gotzy,ADC,19,63.20%,6.8,5.1,1.8,7.1,8.9,437,28
,,,,,,,,,,
Gotzy,SUPPORT,1,0%,0.4,1,5,1,2.6,248,20.7
,,,,,,,,,,
Greenfire,JUNGLE,18,22.20%,1.5,1.3,4.7,5.8,4.8,295,13.6
,,,,,,,,,,
Grell,JUNGLE,15,73.30%,4,3.1,2.9,8.7,5.6,343,17.3
,,,,,,,,,,
Grendel,SUPPORT,23,43.50%,2.4,0.8,3.5,7.5,1.1,225,8.5
,,,,,,,,,,
Grendel,ADC,2,50%,7,0,1,7,6.4,320,7.5
,,,,,,,,,,
Grig,JUNGLE,22,40.90%,2.5,1.2,2.9,5.8,4.8,287,12.6
,,,,,,,,,,
GuGer,SUPPORT,6,50%,2.2,0.7,2.8,5.7,1.4,243,9.8
,,,,,,,,,,
Guilty,ADC,12,75%,6.2,4.3,1.8,6.6,9.1,428,24.8
,,,,,,,,,,
Guubi,ADC,11,45.50%,2.9,3.9,3.3,5.5,8.9,418,26.8
,,,,,,,,,,
Guubi,MID,5,40%,2.6,4.8,3.8,5,8.3,399,29.5
,,,,,,,,,,
H3,ADC,1,0%,1.7,2,3,3,5.5,282,14.3
,,,,,,,,,,
H3,SUPPORT,16,43.80%,1.9,0.3,3,5.6,1.1,221,6.6
,,,,,,,,,,
H4cker,JUNGLE,33,48.50%,3.5,1.7,2.2,5.9,5.6,326,12.3
,,,,,,,,,,
HONOR,SUPPORT,17,41.20%,2.7,1,3.5,8.6,1,235,10.6
,,,,,,,,,,
Hades,SUPPORT,1,100%,9,3,1,6,1.3,320,14.2
,,,,,,,,,,
Hades,ADC,4,25%,2.8,2.8,3.3,6.5,7.8,380,23.6
,,,,,,,,,,
Hadess,JUNGLE,9,77.80%,5.2,2.3,2,8.1,5.1,321,12.3
,,,,,,,,,,
Haeri,MID,25,60%,4.5,3.9,2,5.2,8.8,409,24.6
,,,,,,,,,,
Hakuho,SUPPORT,19,42.10%,2.9,0.5,2.1,5.5,1,217,7.4
,,,,,,,,,,
Hamez,ADC,1,0%,4,3,2,5,5.9,326,9.3
,,,,,,,,,,
Hamez,SUPPORT,18,33.30%,3.2,0.6,2.8,8.4,1.2,226,8.3
,,,,,,,,,,
Hana,JUNGLE,17,41.20%,2.9,2.3,2.7,5.6,5.3,319,16.5
,,,,,,,,,,
Hanabi,TOP,25,72%,4.6,2.4,1.8,6,8.3,389,25.7
,,,,,,,,,,
Hanabii,SUPPORT,2,50%,1.7,1,3.5,5,1.1,220,6.1
,,,,,,,,,,
Hang,SUPPORT,21,47.60%,3,0.6,3.1,8.9,1.1,231,7.4
,,,,,,,,,,
Hang,ADC,3,33.30%,2.2,1.3,3.3,6,4.7,287,11
,,,,,,,,,,
Hani,TOP,18,61.10%,3,1.8,2.8,6.6,6.7,344,18.2
,,,,,,,,,,
Hani,MID,5,40%,2.6,1.6,2.8,5.8,7.2,330,19.6
,,,,,,,,,,
Haninger,ADC,14,42.90%,2.9,3.8,2.9,4.6,8.4,391,29.4
,,,,,,,,,,
Hans sama,SUPPORT,2,100%,10,2.5,1,7.5,2.3,295,23.6
,,,,,,,,,,
Hans sama,ADC,24,45.80%,3.5,2.8,1.9,4,9.7,423,28.2
,,,,,,,,,,
Hantera,SUPPORT,14,42.90%,3.1,0.8,2.8,7.8,1,228,10.2
,,,,,,,,,,
Hard,JUNGLE,18,44.40%,2.8,2.1,2.8,5.8,4.9,301,12.7
,,,,,,,,,,
Hardy,JUNGLE,10,10%,1.7,0.8,4.3,6.3,4.8,280,11.6
,,,,,,,,,,
Haro,JUNGLE,20,45%,3.6,4.8,3,6.2,5.5,337,18.1
,,,,,,,,,,
Haru,JUNGLE,43,39.50%,2.7,2,2.7,5.3,5.7,321,14
,,,,,,,,,,
Hasmed,TOP,23,47.80%,2.1,4.5,4,3.9,7.9,396,28.2
,,,,,,,,,,
Hatrixx,MID,30,60%,4,5.2,2.5,4.9,9,427,30.4
,,,,,,,,,,
Hauntzer,TOP,22,40.90%,2,2,2.5,3,8.2,370,24.7
,,,,,,,,,,
Hauz,MID,6,66.70%,4.7,4.5,2,4.8,8.1,412,28.7
,,,,,,,,,,
Hawk,SUPPORT,6,83.30%,5.8,1.2,1.7,8.5,1.2,248,9.3
,,,,,,,,,,
Hena,ADC,1,0%,2,3,3,3,10.4,429,43.2
,,,,,,,,,,
Heroic,MID,11,36.40%,3.5,5.6,3.9,8.1,7.6,397,27.5
,,,,,,,,,,
HiRit,TOP,15,86.70%,3.9,4.3,2.3,4.9,8.7,431,28.5
,,,,,,,,,,
Hidan,TOP,6,66.70%,2.4,2.3,3.3,5.5,7.1,357,18.7
,,,,,,,,,,
Hide,ADC,15,26.70%,2.2,2.5,2.9,3.9,9,390,28.6
,,,,,,,,,,
Hide,SUPPORT,1,100%,9,1,1,8,2.1,271,19.3
,,,,,,,,,,
Hidon,JUNGLE,6,33.30%,3.7,3.7,3.5,9.2,4.9,323,11.2
,,,,,,,,,,
Hieu3,ADC,3,66.70%,3.3,4,3.3,7,8.1,413,23.2
,,,,,,,,,,
Hinn,ADC,5,40%,2.8,1.2,3.2,7.8,5.2,298,12.4
,,,,,,,,,,
Hinn,SUPPORT,12,41.70%,2.4,0.4,3.3,7.5,1.2,229,7.3
,,,,,,,,,,
Hinu,TOP,5,40%,1.9,1.6,3.4,4.8,7.4,351,22.6
,,,,,,,,,,
Hjarnaan,SUPPORT,3,66.70%,4.8,3,1.7,5,2.1,315,22.7
,,,,,,,,,,
Hjarnaan,ADC,33,57.60%,4.8,4.4,2.2,6.1,9.3,438,28.3
,,,,,,,,,,
Hoglet,JUNGLE,16,31.30%,2.5,2.4,2.8,4.6,4.7,294,15.6
,,,,,,,,,,
Hoit,SUPPORT,13,38.50%,2.7,0.5,2.2,5.4,1.1,225,9.2
,,,,,,,,,,
Holder,TOP,13,38.50%,2.9,2.3,3.5,8.1,6.4,333,20.5
,,,,,,,,,,
Hollow,ADC,2,100%,23,6,0.5,5.5,9.5,447,31.4
,,,,,,,,,,
Holo,JUNGLE,19,36.80%,2.7,1.7,2.6,5.3,4.6,287,12.2
,,,,,,,,,,
Holyphoenix,SUPPORT,1,100%,3.3,3,3,7,1,289,18.2
,,,,,,,,,,
Holyphoenix,ADC,14,78.60%,8.1,4.4,1.4,6.6,9,431,28
,,,,,,,,,,
Homeless,JUNGLE,2,0%,1.7,3,3.5,3,4.5,307,17.3
,,,,,,,,,,
Homi,SUPPORT,18,33.30%,4,0.6,2.2,8.2,1.1,225,9.7
,,,,,,,,,,
Honey,ADC,14,28.60%,3,1.9,2,4.1,10.1,414,30.5
,,,,,,,,,,
Hope,JUNGLE,14,28.60%,1.7,2.3,5.4,6.9,4.5,296,13.6
,,,,,,,,,,
Hope,ADC,34,58.80%,8.3,4.8,1.2,5.2,9.4,438,29.3
,,,,,,,,,,
Hope,TOP,3,33.30%,1.4,0.7,3.7,4.3,6.9,325,22.2
,,,,,,,,,,
Hoya,TOP,7,0%,1,1.6,3,1.3,7.3,321,22.8
,,,,,,,,,,
Huhi,SUPPORT,22,45.50%,2.7,0.9,2.9,7,1,232,9.2
,,,,,,,,,,
Humanoid,MID,26,53.80%,2.6,3.2,3.3,5.5,8.6,402,26.5
,,,,,,,,,,
HungryPanda,SUPPORT,6,50%,3,0.7,3.3,9.2,1.1,236,6.4
,,,,,,,,,,
Huni,TOP,20,45%,2,1.4,2.8,4.1,7.8,365,23.7
,,,,,,,,,,
Husky Rider,ADC,11,36.40%,3.2,3.3,3,6.3,7.8,376,24.4
,,,,,,,,,,
HustlinBeasT,SUPPORT,25,72%,3.9,1,2.9,10.2,1.2,251,8.3
,,,,,,,,,,
HyBrid,ADC,34,44.10%,4,5,2.1,3.4,10.1,452,33.2
,,,,,,,,,,
Hylissang,SUPPORT,19,78.90%,3.5,1.1,2.9,9.4,1,252,8.3
,,,,,,,,,,
Hylissang,ADC,5,80%,2.4,0.6,2.8,6.2,7.3,361,12.3
,,,,,,,,,,
Hylissang,TOP,1,0%,1.1,3,9,7,5.7,326,11
,,,,,,,,,,
Hyoga,JUNGLE,6,83.30%,5.1,1.5,2,8.7,5.5,330,10.7
,,,,,,,,,,
IDK,SUPPORT,5,40%,3.7,0.4,2.2,7.8,1,234,12.3
,,,,,,,,,,
Ian,MID,4,0%,1.2,1.5,2.5,1.5,9.1,374,28.2
,,,,,,,,,,
IceBox,TOP,14,14.30%,1.1,1.2,3.7,3,8.1,372,21.6
,,,,,,,,,,
IceBreaker,TOP,6,50%,3.6,4.7,3.7,8.5,8.2,438,29.9
,,,,,,,,,,
IgNar,ADC,1,100%,10,3,1,7,5.9,351,13.4
,,,,,,,,,,
IgNar,SUPPORT,30,53.30%,4.3,0.6,1.9,7.6,1.1,225,8.4
,,,,,,,,,,
Ikssu,TOP,40,40%,2.2,1.9,3.2,5,6.8,332,22.9
,,,,,,,,,,
Impact,TOP,18,38.90%,2.8,1.9,1.9,3.4,7.2,352,25.7
,,,,,,,,,,
Innaxe,ADC,27,66.70%,6.8,3.8,1.4,6,8.8,420,25
,,,,,,,,,,
Inori,JUNGLE,22,77.30%,4.1,3.3,3.1,9.5,4.7,329,13.6
,,,,,,,,,,
Inoue,ADC,5,0%,1.5,1.8,3.4,3.2,8.3,352,26.3
,,,,,,,,,,
Insanity,MID,18,38.90%,2.7,2.7,2.8,4.9,7.2,347,29.7
,,,,,,,,,,
Inspired,JUNGLE,26,50%,3.1,1.5,2.3,5.8,4.8,300,12.6
,,,,,,,,,,
Invoker,SUPPORT,5,20%,1.1,0.6,4.8,4.8,1.2,211,8.1
,,,,,,,,,,
Irove,SUPPORT,40,32.50%,2,0.4,2.8,5.3,1,210,7.8
,,,,,,,,,,
Irove,ADC,2,0%,3,0,1,3,6.3,292,7.8
,,,,,,,,,,
Isles,ADC,1,100%,15,2,1,13,6.1,369,13.6
,,,,,,,,,,
Isles,SUPPORT,24,83.30%,7.4,1.2,1.5,10.2,0.9,260,11.1
,,,,,,,,,,
ItsCortez,JUNGLE,15,26.70%,2.9,2.2,3.5,8,4.9,303,12.4
,,,,,,,,,,
Jaacoolb,SUPPORT,2,50%,1.8,1,4,6,1.3,226,7.9
,,,,,,,,,,
JackPoT,TOP,6,83.30%,2.1,4.3,3.3,2.7,7.5,394,25.8
,,,,,,,,,,
JackeyLove,ADC,2,100%,2.7,3.5,5.5,11.5,8.6,446,23.2
,,,,,,,,,,
Jaguar,ADC,5,80%,4.1,4.6,2.4,5.2,9.8,459,29.3
,,,,,,,,,,
JamesPeke,ADC,1,0%,2,1,3,5,0.6,228,12.9
,,,,,,,,,,
Jankos,JUNGLE,27,74.10%,4.9,4.6,2.7,8.4,5.2,353,15.4
,,,,,,,,,,
Japone,SUPPORT,13,53.80%,4,0.3,2.5,9.8,1.4,242,6.7
,,,,,,,,,,
Japone,ADC,2,100%,19,1.5,0.5,8,6,349,6.8
,,,,,,,,,,
Jauny,TOP,14,28.60%,2.2,1.9,2.3,3.1,7.6,349,18.9
,,,,,,,,,,
Javaaa,ADC,29,72.40%,5,3.9,1.9,5.7,8.8,411,26.1
,,,,,,,,,,
JayJ,ADC,1,0%,1,1,5,4,6.9,309,14
,,,,,,,,,,
JayJ,SUPPORT,17,41.20%,3,0.8,2.5,6.7,1,224,8.1
,,,,,,,,,,
Jejky,JUNGLE,31,80.60%,4.9,4.6,2.6,8.5,5.8,373,17.5
,,,,,,,,,,
Jekyll,SUPPORT,4,25%,1.7,1,3.5,5,1,216,8
,,,,,,,,,,
Jellou,JUNGLE,17,29.40%,1.9,2.1,4.2,6.1,4.6,293,13.6
,,,,,,,,,,
Jelly,ADC,3,33.30%,2.4,1.3,3,6,5,301,11.5
,,,,,,,,,,
Jelly,SUPPORT,39,46.20%,2.8,0.9,2.7,6.5,0.9,224,9
,,,,,,,,,,
Jenax,MID,18,22.20%,1.7,1.9,2.9,3.1,8.3,371,26.6
,,,,,,,,,,
Jenkins,TOP,21,38.10%,2.4,2.4,2.9,4.6,7.7,382,25.9
,,,,,,,,,,
Jensen,MID,18,38.90%,4.4,2.5,1.5,4.1,9,390,29.7
,,,,,,,,,,
Jesiz,SUPPORT,22,45.50%,3.7,1,2,6.6,1.1,232,10.6
,,,,,,,,,,
Jeskla,ADC,29,58.60%,3.4,3.5,2.3,4.4,9.3,423,29.1
,,,,,,,,,,
Jester,MID,14,14.30%,1.9,2.5,3.2,3.5,8.2,365,26.8
,,,,,,,,,,
JestkuiMax,ADC,2,100%,-,3,0,6,5.3,336,7.2
,,,,,,,,,,
JestkuiMax,SUPPORT,12,41.70%,2.3,1.1,3.7,7.4,0.9,224,8.6
,,,,,,,,,,
Jeyrus,SUPPORT,1,0%,2,2,4,6,1.3,268,22.7
,,,,,,,,,,
Jeyrus,ADC,7,0%,1,1,3.6,2.6,8.3,336,23.2
,,,,,,,,,,
Jezu,ADC,18,61.10%,4.7,4,2.2,6.2,8.7,420,27.7
,,,,,,,,,,
Jiejie,JUNGLE,10,60%,6.4,3.2,1.8,8.3,4.9,328,14.6
,,,,,,,,,,
Jiin,MID,1,0%,5,4,1,1,7.9,371,29.9
,,,,,,,,,,
Jiizuke,MID,27,55.60%,2.8,3.2,2.7,4.4,8.9,408,26.6
,,,,,,,,,,
JimieN,MID,15,46.70%,3,2.7,2.3,4.1,7.9,371,24
,,,,,,,,,,
Jinoo,TOP,10,60%,4,2.1,2.1,6.4,7.4,364,25.2
,,,,,,,,,,
Jirall,TOP,14,71.40%,4.6,2.1,1.6,5.1,7.6,379,17
,,,,,,,,,,
Jisu,TOP,14,78.60%,2.8,3.4,2.9,4.9,8,398,25.8
,,,,,,,,,,
Jiumeng,ADC,28,50%,4.4,4.9,2.5,6,8.7,431,29
,,,,,,,,,,
Jiumeng,SUPPORT,1,0%,1.8,2,5,7,2.4,301,34
,,,,,,,,,,
JoJo,SUPPORT,5,40%,2.1,1.4,4.4,8,0.8,228,8.4
,,,,,,,,,,
Jockster,SUPPORT,2,50%,1.4,1,6.5,8,0.9,223,6.8
,,,,,,,,,,
Johnsun,ADC,20,45%,4.1,2.9,1.6,3.7,9.5,410,27.3
,,,,,,,,,,
Joker,SUPPORT,6,16.70%,1.8,0.3,3,5,1.1,213,6.8
,,,,,,,,,,
Joo,ADC,3,33.30%,2.5,0.7,2,4.3,6.2,307,9.3
,,,,,,,,,,
Joo,SUPPORT,22,72.70%,5.2,1,2.1,10.2,1,244,6.7
,,,,,,,,,,
Jorx,JUNGLE,18,38.90%,1.9,1.6,3.7,5.7,4.5,282,10.7
,,,,,,,,,,
Josedeodo,JUNGLE,14,71.40%,7.4,2.7,1.2,6.2,5.2,317,13.1
,,,,,,,,,,
JunJia,JUNGLE,24,58.30%,3.2,1.7,3,7.7,4.5,299,13.4
,,,,,,,,,,
Juuzou,TOP,15,66.70%,4.1,3.2,2.1,5.2,8.1,391,22.3
,,,,,,,,,,
Juzinho,SUPPORT,1,0%,3,4,2,2,1.2,313,40
,,,,,,,,,,
K2,ADC,24,50%,3.4,3.9,2.5,4.8,9.7,435,33.6
,,,,,,,,,,
KEITH,SUPPORT,18,38.90%,1.5,0.7,3.8,5.1,0.9,213,5.3
,,,,,,,,,,
KM?,ADC,1,0%,4,1,2,7,5.7,303,9.8
,,,,,,,,,,
KM?,SUPPORT,13,23.10%,2.1,0.8,3.3,6.2,1,214,11.3
,,,,,,,,,,
KRESHTDOO,ADC,14,14.30%,2.5,2.6,2.6,4,8.8,396,29.9
,,,,,,,,,,
KaKAO,JUNGLE,5,60%,2.6,2,2.6,4.8,5.8,315,13.5
,,,,,,,,,,
Kabuu,JUNGLE,1,0%,1,0,5,5,5.4,286,9.3
,,,,,,,,,,
Kackos,TOP,18,38.90%,2.8,2.4,2.3,4,7.9,381,24.2
,,,,,,,,,,
Kaiba,JUNGLE,16,37.50%,3.4,4.4,3.8,8.4,4.8,326,16.8
,,,,,,,,,,
Kaigu,TOP,7,14.30%,1.8,1.9,3.9,5.1,7.3,338,19.8
,,,,,,,,,,
Kaiser,SUPPORT,25,52%,3.3,0.9,2.9,8.6,1.1,236,7.8
,,,,,,,,,,
Kaiser,ADC,1,100%,-,1,0,12,6.8,362,6.9
,,,,,,,,,,
Kaiwing,SUPPORT,21,71.40%,6,0.5,1.4,8.1,1.2,234,7.8
,,,,,,,,,,
Kaiwing,ADC,4,75%,10.5,1.5,1,9,6.8,358,9
,,,,,,,,,,
Kami,ADC,18,38.90%,2.8,1.9,2.2,4.3,8.8,385,25.4
,,,,,,,,,,
Kamil,JUNGLE,17,47.10%,3.6,3,3.2,8.4,5.3,328,14.9
,,,,,,,,,,
Kanavi,JUNGLE,32,68.80%,5.8,4.1,1.9,6.9,6.1,369,18.6
,,,,,,,,,,
Kanna,JUNGLE,2,0%,1.2,1,3,2.5,6.1,305,25.3
,,,,,,,,,,
Kaori,SUPPORT,2,100%,9.3,4,1.5,10,3.7,319,17.4
,,,,,,,,,,
Kaori,ADC,13,46.20%,5.8,5.2,2,6.4,9.3,435,31.7
,,,,,,,,,,
Karim kt,JUNGLE,18,55.60%,2.3,3,4.7,7.7,4.5,311,14.9
,,,,,,,,,,
Karsa,JUNGLE,33,57.60%,3.5,2.5,3,8,5.2,330,13.5
,,,,,,,,,,
Kashtelan,MID,6,16.70%,2.1,4,4.5,5.7,8.7,414,32.2
,,,,,,,,,,
Katare,TOP,14,42.90%,2.1,2.1,3.1,4.5,6.5,334,21.7
,,,,,,,,,,
Kati,MID,40,62.50%,3.4,3.1,2.5,5.4,8.6,403,25.3
,,,,,,,,,,
Katsurii,SUPPORT,2,0%,2.5,1.5,4,8.5,1.7,251,19.7
,,,,,,,,,,
Katsurii,ADC,27,77.80%,5.6,4.1,1.8,6.1,9,434,24.9
,,,,,,,,,,
Kaxe,MID,18,33.30%,1.5,2.1,3.8,3.8,6.8,321,20.6
,,,,,,,,,,
Kaze,TOP,1,0%,0.8,0,5,4,6.8,302,16.6
,,,,,,,,,,
Kazewa,TOP,13,15.40%,1.6,1.6,3.1,3.3,7.2,337,20.9
,,,,,,,,,,
KeY,SUPPORT,15,60%,4.1,0.9,2.4,8.9,1.1,234,7.3
,,,,,,,,,,
Keduii,ADC,12,41.70%,3,3.4,2.9,5.4,8.8,406,28.7
,,,,,,,,,,
Keine,MID,18,22.20%,2.2,1.7,2.3,3.4,8.4,354,26.2
,,,,,,,,,,
Kektz,TOP,6,16.70%,1.4,3,6,5.5,6.7,349,21.8
,,,,,,,,,,
Kellin,SUPPORT,13,69.20%,5.5,0.2,1.2,6.2,0.8,220,5
,,,,,,,,,,
KenRuto,TOP,17,41.20%,2.7,3,2.6,4.1,7.8,372,28.2
,,,,,,,,,,
Keorb,MID,2,50%,12,2,0.5,4,8,373,28.1
,,,,,,,,,,
Keria,SUPPORT,41,65.90%,4.5,0.7,2.1,8.9,1,239,8.6
,,,,,,,,,,
Keria,ADC,2,100%,23,0.5,0.5,11,6,330,9.6
,,,,,,,,,,
Kesav,ADC,2,50%,3.2,3.5,2.5,4.5,8.4,383,19.6
,,,,,,,,,,
Keysie,MID,14,28.60%,1.8,3.6,4.1,3.5,7.7,370,28.1
,,,,,,,,,,
Khan,TOP,13,53.80%,2.8,3.5,3.1,5,7.2,386,23.7
,,,,,,,,,,
Khantos,ADC,18,66.70%,4.9,6.1,2.3,5.2,8.9,451,27.7
,,,,,,,,,,
Khema,JUNGLE,14,21.40%,2.1,2.1,3.9,6.1,4.6,298,12.7
,,,,,,,,,,
Kiaya,TOP,24,83.30%,4.5,3.4,2.3,6.8,7.7,400,20
,,,,,,,,,,
Kiddo,SUPPORT,1,100%,-,0,0,7,0.9,219,8.6
,,,,,,,,,,
Kiin,TOP,44,43.20%,2.5,2.2,2.8,4.8,8.2,380,27.9
,,,,,,,,,,
Kikis,JUNGLE,22,45.50%,2.5,1.8,3,5.8,4.9,300,14.7
,,,,,,,,,,
Kindless,ADC,4,50%,3.1,4,3,5.3,9.6,417,33.6
,,,,,,,,,,
Kino,SUPPORT,21,42.90%,2.8,0.5,3.1,8.3,1,224,7.2
,,,,,,,,,,
Kinzu,ADC,12,41.70%,3.8,3.8,2.3,5.2,8.5,404,26.1
,,,,,,,,,,
Kinzu,SUPPORT,2,100%,13,3.5,1,9.5,1.8,310,21.1
,,,,,,,,,,
Kira,MID,14,50%,2,2.8,4,5.1,7.5,368,25.9
,,,,,,,,,,
Kireas,JUNGLE,15,40%,3.3,2.7,2.9,6.9,4.9,306,13.7
,,,,,,,,,,
Kirei,JUNGLE,18,61.10%,5.1,3.6,2.2,7.6,5.1,331,15.8
,,,,,,,,,,
Kirin,SUPPORT,19,36.80%,1.5,0.8,4.8,6.2,1,217,9.9
,,,,,,,,,,
Kituruken,JUNGLE,11,72.70%,3.4,3.7,2.9,6.1,4.9,324,12.3
,,,,,,,,,,
Klaus,ADC,15,73.30%,4.8,4.5,2.2,6.1,8.8,424,27.6
,,,,,,,,,,
Klydex,ADC,3,0%,1.3,3.3,6,4.7,7.8,370,22.1
,,,,,,,,,,
Klydex,SUPPORT,1,0%,2,0,2,4,1.2,223,24.5
,,,,,,,,,,
Knight,MID,33,57.60%,5.3,4.6,2.1,6.7,8.4,411,29.9
,,,,,,,,,,
Koala,ADC,1,100%,15,2,1,13,5.7,365,14.9
,,,,,,,,,,
Koala,SUPPORT,20,85%,7.2,0.6,1.4,9.5,1.1,247,8.1
,,,,,,,,,,
Kobbe,ADC,28,50%,4.4,2.8,1.7,4.9,9.6,418,27.5
,,,,,,,,,,
Kocourek,JUNGLE,24,54.20%,2.6,2,3.2,6.3,4.9,305,13.3
,,,,,,,,,,
Koldo,JUNGLE,30,60%,4.2,2.3,2.5,8.3,4.8,307,14.5
,,,,,,,,,,
Konektiv,TOP,18,44.40%,3.9,2.1,1.9,5.4,7.3,352,20.2
,,,,,,,,,,
Kongyue,JUNGLE,23,69.60%,5.3,2.8,1.7,6.3,5.7,342,13.2
,,,,,,,,,,
KoreaCK,ADC,2,0%,2,2.5,4.5,6.5,6.2,316,7.9
,,,,,,,,,,
KoreaCK,SUPPORT,27,77.80%,6.1,0.6,1.7,10,1,243,9.4
,,,,,,,,,,
Korpse,ADC,1,0%,1.4,1,5,6,4.3,260,14.1
,,,,,,,,,,
Korpse,SUPPORT,9,22.20%,1.9,0.7,3.3,5.8,1,219,9.1
,,,,,,,,,,
Korts,ADC,16,37.50%,3.7,4.3,3.2,7.4,8.3,412,28.7
,,,,,,,,,,
Koudys,ADC,14,7.10%,2,3.7,3.9,4.1,7.9,383,28.8
,,,,,,,,,,
Koughi,JUNGLE,14,14.30%,2.1,2.2,3.1,4.3,4.8,296,9.5
,,,,,,,,,,
Kpop,SUPPORT,14,14.30%,1.9,1,4,6.5,0.9,218,11.3
,,,,,,,,,,
Kramer,SUPPORT,6,100%,8,5.5,2.2,11.8,2.7,374,26.9
,,,,,,,,,,
Kramer,ADC,25,32%,3.2,4.1,2.8,4.8,9.8,439,29.6
,,,,,,,,,,
Krastyel,MID,15,26.70%,3.2,4.1,2.6,4.3,7.8,379,23.8
,,,,,,,,,,
Kreox,JUNGLE,14,50%,2.8,2.6,3.1,6.1,5.6,336,18.2
,,,,,,,,,,
Krepo,SUPPORT,1,100%,9,1,1,8,0.8,237,8.3
,,,,,,,,,,
Kruimel,MID,15,46.70%,4.1,4.1,2.5,6.1,7.7,375,27.9
,,,,,,,,,,
Kryze,TOP,24,62.50%,3.7,4.7,2.5,4.6,8.8,438,25
,,,,,,,,,,
Kubu,TOP,18,16.70%,1.8,2.4,3.5,3.8,7.5,361,26.6
,,,,,,,,,,
Kumo,MID,1,0%,0.6,3,7,1,6.3,363,24.3
,,,,,,,,,,
Kumo,TOP,28,53.60%,2.5,2.1,2.4,3.9,7.4,357,20.9
,,,,,,,,,,
Kurd,TOP,12,41.70%,2,3,3.8,4.5,8.4,390,29.4
,,,,,,,,,,
Kuroko,SUPPORT,4,0%,1.8,1.3,3.3,4.5,1.3,224,8.3
,,,,,,,,,,
Kuroko,JUNGLE,30,30%,2.1,2.8,4,5.6,5.5,331,18.2
,,,,,,,,,,
Kuzan,MID,6,50%,4.4,2.5,1.5,4.2,9.1,412,30.7
,,,,,,,,,,
Kweku,TOP,21,19%,1.2,1.5,4.4,3.8,7.2,344,22.6
,,,,,,,,,,
Kxng,ADC,17,23.50%,2.9,3.2,2.6,4.6,8.2,382,22.6
,,,,,,,,,,
Kxng,SUPPORT,1,100%,6,2,3,16,2.1,307,17.5
,,,,,,,,,,
Kyoshi,MID,12,58.30%,2.8,3.7,3.1,5.1,7.5,374,21.3
,,,,,,,,,,
Kyuu,MID,4,25%,1.8,2.3,3,3.3,7.2,339,21.3
,,,,,,,,,,
Kz,ADC,8,25%,2.5,2.4,2.5,3.8,8.3,371,23.9
,,,,,,,,,,
LL,TOP,29,55.20%,2.7,3,3.4,6.2,7.3,373,20.6
,,,,,,,,,,
LaFleur,SUPPORT,1,0%,0.5,0,6,3,1.9,230,17.2
,,,,,,,,,,
LaFleur,ADC,13,0%,1.8,2.2,3.8,4.5,8.3,361,26.7
,,,,,,,,,,
Labrov,SUPPORT,18,50%,3.9,0.8,2.2,7.8,0.9,228,7.5
,,,,,,,,,,
Labrov,ADC,2,100%,9,1.5,1.5,12,5.2,310,10.1
,,,,,,,,,,
Lachtan,MID,24,54.20%,3.6,3.3,2.1,4.4,8.7,397,27.6
,,,,,,,,,,
Lamabear,JUNGLE,26,80.80%,5.6,2.4,2,8.6,4.9,319,14.5
,,,,,,,,,,
Langx,TOP,33,57.60%,4.1,2.6,2.1,5.8,8.1,390,23
,,,,,,,,,,
Larssen,MID,26,50%,3.6,3.2,1.8,3.3,9.1,403,27.4
,,,,,,,,,,
Lauva,JUNGLE,2,0%,1.2,3,5,3,4.6,294,9.8
,,,,,,,,,,
Lava,MID,4,50%,3.8,4.3,2,3.3,7.7,365,27.3
,,,,,,,,,,
Lava,SUPPORT,1,100%,3.3,4,3,6,1.5,297,16.6
,,,,,,,,,,
Lava,ADC,4,50%,2.8,2,1.5,2.3,9.4,408,28.7
,,,,,,,,,,
LeQu,TOP,6,16.70%,1.6,2.5,3,2.3,7.6,369,16.9
,,,,,,,,,,
LeeSA,JUNGLE,25,36%,2.4,1.9,3.2,6,4.6,290,12.9
,,,,,,,,,,
Lehends,SUPPORT,40,35%,2.7,0.6,2.8,7,1,220,9.8
,,,,,,,,,,
Lehends,ADC,3,100%,4.7,1.3,2,8,5.5,319,10
,,,,,,,,,,
Lekcyc,ADC,3,100%,6.3,2.7,2,10,4.2,319,8.2
,,,,,,,,,,
Lekcyc,SUPPORT,12,91.70%,5.7,0.9,2.2,11.3,1.2,254,7.8
,,,,,,,,,,
Leo,SUPPORT,1,100%,-,2,0,5,3.2,286,15.7
,,,,,,,,,,
Leo,ADC,15,40%,3.6,2.5,1.9,4.3,10,413,24.9
,,,,,,,,,,
Levi,JUNGLE,32,84.40%,7.8,4.5,1.8,9.3,6.2,387,16.9
,,,,,,,,,,
Leviathan,SUPPORT,1,100%,3.3,0,4,13,0.9,225,5.5
,,,,,,,,,,
Lex,ADC,14,28.60%,3.7,3.4,2.9,7.1,7.8,371,27.4
,,,,,,,,,,
Lex,SUPPORT,1,0%,1.5,2,2,1,2.7,299,21.8
,,,,,,,,,,
Ley,SUPPORT,29,44.80%,2.4,1,4.3,9.4,1,230,8.5
,,,,,,,,,,
Ley,ADC,5,40%,2.2,1,3.6,6.8,5.7,298,13
,,,,,,,,,,
Leyan,JUNGLE,19,73.70%,3.4,3.5,3,6.6,5.7,365,14.7
,,,,,,,,,,
Leza,MID,14,71.40%,5.4,3.6,1.6,4.9,8.9,405,30
,,,,,,,,,,
Licorice,TOP,25,92%,4.9,2.6,1.7,5.8,8.6,420,21.7
,,,,,,,,,,
Lider,MID,29,58.60%,3.3,4.8,2.5,3.6,9.4,442,28.2
,,,,,,,,,,
Lies,TOP,22,45.50%,2.6,2,3.1,6,6.8,339,23.6
,,,,,,,,,,
Life,ADC,5,60%,5.6,0.2,1,5.4,6.7,333,6.4
,,,,,,,,,,
Life,SUPPORT,23,73.90%,5.4,0.9,1.9,9.3,0.9,235,8.7
,,,,,,,,,,
Light,ADC,2,100%,10.7,5,1.5,11,8.6,438,26.2
,,,,,,,,,,
Light,ADC,9,11.10%,2.1,2.2,2.3,2.7,9.7,406,26.1
,,,,,,,,,,
LilV,ADC,16,31.30%,4,3.2,1.7,3.6,10.6,445,31.4
,,,,,,,,,,
LilV,SUPPORT,3,66.70%,5,3.7,2.7,9.7,2.3,313,21.5
,,,,,,,,,,
Lilipp,MID,1,0%,0,0,2,0,8.4,321,18
,,,,,,,,,,
Lilipp,ADC,1,100%,12,1,1,11,5.6,329,5
,,,,,,,,,,
Lilipp,SUPPORT,16,25%,1.7,0.8,5,7.8,1.1,231,8.9
,,,,,,,,,,
Limit,SUPPORT,18,22.20%,1.5,0.6,3.6,4.7,1,217,8.1
,,,,,,,,,,
Lived,MID,21,19%,1.4,2,3.5,2.8,6.7,330,23.5
,,,,,,,,,,
Lodik,ADC,13,53.80%,4.7,4.7,2,4.6,9,424,25.7
,,,,,,,,,,
Lodik,SUPPORT,1,0%,5,0,1,5,2.1,248,32.4
,,,,,,,,,,
LokeN,SUPPORT,2,50%,4.3,1.5,1.5,5,3.3,306,25.5
,,,,,,,,,,
LokeN,ADC,30,70%,7,4.1,1.4,5.9,9.8,448,26.6
,,,,,,,,,,
Lonely,TOP,11,45.50%,3,2.6,2.8,5.8,7.9,368,27
,,,,,,,,,,
Lost,SUPPORT,1,0%,0.8,1,6,4,1.3,254,14.8
,,,,,,,,,,
Lost,ADC,24,58.30%,5,4.5,2,5.3,8.9,422,27.3
,,,,,,,,,,
Lostboy,ADC,19,36.80%,2,2.8,3.5,4.1,8.7,392,29
,,,,,,,,,,
Lourlo,TOP,22,59.10%,6.8,3.1,1.4,6.4,7,354,17
,,,,,,,,,,
Luana,TOP,15,46.70%,2.7,2.7,2.9,5.1,8.4,399,21.2
,,,,,,,,,,
Luci,SUPPORT,10,80%,3.4,1.3,3.7,11.3,1.1,251,7.9
,,,,,,,,,,
Lucker,TOP,1,100%,-,3,0,3,6.8,379,26.9
,,,,,,,,,,
Lucker,ADC,21,52.40%,3.9,4.7,2.7,5.6,8.8,429,31.1
,,,,,,,,,,
Luger,ADC,3,100%,7.8,5,1.7,8,9.3,452,23.7
,,,,,,,,,,
Lunddorf,TOP,6,33.30%,1.8,3.5,5.5,6.5,6.6,354,22.7
,,,,,,,,,,
Lurox,JUNGLE,19,63.20%,4.7,2.5,1.9,6.7,4.9,308,11.9
,,,,,,,,,,
LvMao,SUPPORT,30,70%,5,0.6,2.1,9.8,1,235,7.6
,,,,,,,,,,
LvMao,ADC,2,50%,3.3,0,2,6.5,5.1,287,9.8
,,,,,,,,,,
Lvsyan,MID,18,27.80%,4,3.5,1.8,3.7,9.4,413,30.3
,,,,,,,,,,
Lwx,ADC,32,68.80%,6,4.5,1.7,5.9,9.5,441,28.5
,,,,,,,,,,
Lwx,SUPPORT,1,100%,5.3,0,3,16,1,274,17.7
,,,,,,,,,,
Lylajn,JUNGLE,31,48.40%,3,1.9,3.3,7.9,4.6,308,10.2
,,,,,,,,,,
Maat,JUNGLE,16,31.30%,1.5,1.8,5.5,6.3,4.2,282,13.3
,,,,,,,,,,
MadBlade,SUPPORT,8,37.50%,2.2,0.5,3.4,6.9,0.9,205,7.9
,,,,,,,,,,
Madly,TOP,15,46.70%,3.2,3.6,2.8,5.5,7.4,369,25.1
,,,,,,,,,,
Maestro,SUPPORT,17,47.10%,2.1,0.5,3.1,5.8,1,210,6
,,,,,,,,,,
Mafin,JUNGLE,2,0%,1.5,2.5,4,3.5,5,302,16.2
,,,,,,,,,,
Mafra,ADC,1,100%,-,0,0,16,5.7,316,4.8
,,,,,,,,,,
Mafra,SUPPORT,19,52.60%,2.5,0.9,2.8,6.3,1.1,229,8.2
,,,,,,,,,,
Malrang,JUNGLE,4,0%,2.1,1.3,2,3,4.5,287,11.4
,,,,,,,,,,
Manaty,JUNGLE,14,42.90%,2.1,2.8,4,5.6,5,310,16.9
,,,,,,,,,,
Maoan,MID,12,50%,2.8,4.9,3.5,4.9,7.7,385,26.6
,,,,,,,,,,
Maple,MID,35,34.30%,3.6,2.9,2,4.5,7.9,368,27.4
,,,,,,,,,,
Mark,SUPPORT,30,40%,2.6,0.7,3.1,7.3,1,228,7.4
,,,,,,,,,,
Mark,ADC,1,0%,0.3,0,3,1,6.2,283,11.8
,,,,,,,,,,
Markoon,JUNGLE,23,56.50%,3.7,1.9,2.4,7,4.4,286,13.5
,,,,,,,,,,
Mart,JUNGLE,14,28.60%,2.1,1.9,3.8,6.1,4.7,282,13.5
,,,,,,,,,,
Mash,ADC,17,41.20%,4.3,3.6,1.9,4.6,9,417,26
,,,,,,,,,,
Mash,SUPPORT,1,0%,1.8,1,4,6,2,253,20.2
,,,,,,,,,,
Matilda,TOP,10,20%,2.3,2.4,2.8,4,7.7,367,24.5
,,,,,,,,,,
Matislaw,MID,31,71%,5.4,4.4,1.8,5.5,8.3,408,28.1
,,,,,,,,,,
Matsukaze,ADC,6,66.70%,5.9,3.5,1.7,6.3,8.1,395,27.4
,,,,,,,,,,
Matt,SUPPORT,24,66.70%,3.6,0.9,2.6,8.6,0.7,225,7.2
,,,,,,,,,,
Matt,ADC,1,100%,-,1,0,12,7.7,375,11.7
,,,,,,,,,,
Mauss,ADC,17,29.40%,3.1,3.8,2.5,4.2,8.8,400,24.3
,,,,,,,,,,
Max,SUPPORT,14,0%,0.8,0.4,4.6,3.4,1.1,206,7.6
,,,,,,,,,,
Max,ADC,2,0%,1.1,0,5,5.5,5.6,274,7.2
,,,,,,,,,,
Maxi,JUNGLE,4,50%,4,2,2.3,7,5.3,323,19.6
,,,,,,,,,,
Mayhem,TOP,10,30%,2.5,2.1,3.1,5.5,6.7,337,22.1
,,,,,,,,,,
Mboma,ADC,13,30.80%,2.7,2.9,2.2,2.8,10,423,31.8
,,,,,,,,,,
MeLoNiK,TOP,22,45.50%,2.9,2.5,2.3,4.3,8.5,394,26.3
,,,,,,,,,,
Meliodas,JUNGLE,26,42.30%,3.3,2.7,2.8,6.3,5.6,331,15.3
,,,,,,,,,,
Memento,JUNGLE,21,57.10%,4,2.2,2.7,8.6,5,322,12.7
,,,,,,,,,,
Meteor,JUNGLE,40,45%,3.5,2,2.4,6.5,5.5,325,13.9
,,,,,,,,,,
Meteos,JUNGLE,28,46.40%,2.9,1.8,2.6,5.6,4.7,295,13.4
,,,,,,,,,,
Mexi,ADC,18,27.80%,3.1,2.8,2.2,3.9,9.7,407,24.2
,,,,,,,,,,
Mia,SUPPORT,4,50%,2.8,1.5,2.8,6.3,1.2,240,10
,,,,,,,,,,
Mickey,MID,18,38.90%,2.7,3,2.7,4.3,8.3,381,23.9
,,,,,,,,,,
Mickey,ADC,1,0%,2.3,3,3,4,9.4,405,30.3
,,,,,,,,,,
Migas,SUPPORT,14,28.60%,3,0.6,2.6,7.4,0.8,207,8.3
,,,,,,,,,,
MightyDragon,JUNGLE,14,28.60%,2.1,2.1,3.3,4.9,5.2,308,16.2
,,,,,,,,,,
MikeYeung,JUNGLE,6,16.70%,3.1,2.2,2.7,6.2,4.5,293,14.7
,,,,,,,,,,
Mikyx,ADC,2,100%,3.5,2.5,4,11.5,4.8,321,11
,,,,,,,,,,
Mikyx,SUPPORT,25,72%,4.5,1.2,3,12.4,1.2,251,8.6
,,,,,,,,,,
Mills,ADC,5,20%,4.2,2.8,2,5.6,9.1,420,25.7
,,,,,,,,,,
Minerva,JUNGLE,10,50%,3.5,1.9,2.4,6.5,5.3,317,13.3
,,,,,,,,,,
Ming,ADC,5,60%,3.6,1.8,3.2,9.6,5.3,299,11.2
,,,,,,,,,,
Ming,SUPPORT,28,57.10%,3.6,0.6,2.5,8.5,1.1,237,8.1
,,,,,,,,,,
Miniduke,MID,21,42.90%,3.1,4,2.9,4.9,8.3,393,29.7
,,,,,,,,,,
Minit,SUPPORT,3,66.70%,6.2,0.3,1.7,10,0.8,227,6.8
,,,,,,,,,,
Minji,MID,12,50%,2.4,3.1,3,4.2,7.6,361,24.1
,,,,,,,,,,
Mir,JUNGLE,24,50%,2.6,2.3,3.1,5.9,4.5,306,13.1
,,,,,,,,,,
Miracle,ADC,1,0%,5.3,1,3,15,5.2,292,9.8
,,,,,,,,,,
Miracle,SUPPORT,12,25%,2.7,0.8,3.7,9.2,1.3,233,9.4
,,,,,,,,,,
Missing,ADC,1,0%,1,0,6,6,5.4,308,7.6
,,,,,,,,,,
Missing,SUPPORT,28,50%,3.7,1,3,10,1.2,248,9.2
,,,,,,,,,,
Mission,MID,21,85.70%,6.9,3.7,1.3,5.5,8.8,418,29.4
,,,,,,,,,,
MixCrosS,ADC,17,35.30%,2.2,2.2,2.9,4.2,8.2,366,21.4
,,,,,,,,,,
MixCrosS,SUPPORT,3,33.30%,6.3,2,1.3,6.3,2.3,279,21.2
,,,,,,,,,,
MjrDee,ADC,2,50%,5,1.5,2,8.5,6.2,305,16.6
,,,,,,,,,,
MjrDee,SUPPORT,15,46.70%,3.3,1.1,3.7,10.9,1.3,242,8
,,,,,,,,,,
MnM,ADC,20,35%,3.4,3.3,2,3.5,9.7,419,29.3
,,,,,,,,,,
Mojito,JUNGLE,15,86.70%,4.4,1.7,2.2,7.9,4.7,315,12.8
,,,,,,,,,,
Mole,MID,20,5%,1.5,2.6,4.1,3.5,7.6,355,30.4
,,,,,,,,,,
Mole,TOP,3,0%,1,1.3,4.3,3,6.5,322,27.4
,,,,,,,,,,
Monk,ADC,12,83.30%,3.1,3.7,3.3,6.7,8.5,424,27.8
,,,,,,,,,,
Monsieur,JUNGLE,2,0%,1.7,0.5,1.5,2,4.6,253,12.1
,,,,,,,,,,
Moopz,SUPPORT,14,14.30%,2.3,0.9,3.1,6.4,1.1,217,10.2
,,,,,,,,,,
Morgan,TOP,29,48.30%,2.8,2.6,3,5.8,7.5,369,20.4
,,,,,,,,,,
Mortsche,TOP,14,28.60%,1.8,2.5,3.7,4.2,7,355,22.8
,,,,,,,,,,
Motive,SUPPORT,4,0%,0.8,0.5,3,2,1.1,200,9.6
,,,,,,,,,,
Munet,SUPPORT,14,28.60%,3.4,0.7,2.4,7.6,0.8,216,7.7
,,,,,,,,,,
Mystic,SUPPORT,3,33.30%,2.8,2,3,6.3,1.9,265,25.4
,,,,,,,,,,
Mystic,ADC,37,45.90%,2.9,3.6,2.6,4,9.8,430,28.8
,,,,,,,,,,
Mystiques,ADC,2,100%,2.8,1.5,4,9.5,4.9,301,9.3
,,,,,,,,,,
Mystiques,SUPPORT,23,73.90%,3.6,0.6,2.5,8.6,1.1,244,7.4
,,,,,,,,,,
N0body,TOP,5,40%,1.8,2,4,5.2,6,308,20.6
,,,,,,,,,,
NNS 1,JUNGLE,8,0%,1.6,1.6,4.9,6.3,4.5,279,14
,,,,,,,,,,
NOsFerus,MID,15,73.30%,4.4,4.8,2.6,6.5,7.6,406,24.1
,,,,,,,,,,
Naehyun,MID,1,0%,-,0,0,0,9.5,349,26.1
,,,,,,,,,,
Nap,TOP,25,44%,2.8,1.9,2.6,5.4,7,338,20.7
,,,,,,,,,,
Nasser,JUNGLE,21,42.90%,1.7,1.7,3.7,4.4,4.4,281,11.4
,,,,,,,,,,
Natural,TOP,30,40%,3,3.3,2.4,3.9,8.3,393,21.5
,,,,,,,,,,
Naul,MID,34,41.20%,3.8,2.6,1.9,4.5,8.1,371,25.2
,,,,,,,,,,
Nausicaa,SUPPORT,8,0%,1.2,0.9,4.3,4.4,1.3,219,9.5
,,,,,,,,,,
Nemesis,MID,25,76%,4.3,3,2,5.8,9.1,423,24
,,,,,,,,,,
Nemky,ADC,6,33.30%,2.5,2.5,2.8,4.5,8.6,389,20.8
,,,,,,,,,,
Neon,SUPPORT,1,100%,5.5,1,2,10,2.5,328,24.3
,,,,,,,,,,
Neon,ADC,8,75%,7.4,5.3,1.5,5.9,9.6,457,29.8
,,,,,,,,,,
Neos,ADC,4,50%,2.3,1.8,2.3,3.5,8.1,365,22.7
,,,,,,,,,,
Nesiiw fixe,SUPPORT,15,26.70%,2.6,1.7,3.9,8.6,1.1,247,14
,,,,,,,,,,
Nestea,SUPPORT,1,100%,13,0,1,13,1.4,243,4.8
,,,,,,,,,,
Nestea,MID,17,35.30%,2,2.2,3.3,4.4,6.9,335,17.4
,,,,,,,,,,
Newbie,SUPPORT,13,76.90%,7.9,0.5,1.5,11.1,1,236,8
,,,,,,,,,,
Newbie,ADC,1,100%,9,0,1,9,5.1,306,11.6
,,,,,,,,,,
NiQ,MID,22,45.50%,2.6,2.6,2.8,4.6,7.5,359,22.7
,,,,,,,,,,
Night,MID,9,55.60%,4.6,4.6,2.2,5.6,9.1,427,29.1
,,,,,,,,,,
Nightmares,SUPPORT,5,60%,4.1,1.4,3,10.8,1,235,7.8
,,,,,,,,,,
Nightmares,ADC,4,100%,9.8,1,1,8.8,4.5,290,6.5
,,,,,,,,,,
Nikola,ADC,6,16.70%,4.1,4.5,2.5,5.7,8.5,398,25.1
,,,,,,,,,,
Ning,JUNGLE,12,66.70%,3.2,2,3.3,8.6,5.1,319,9.9
,,,,,,,,,,
Nisqy,MID,25,92%,8.3,4,1.4,7.9,7.4,391,26.6
,,,,,,,,,,
Nite,MID,36,58.30%,3.2,4,2.9,5.3,8.6,409,25.9
,,,,,,,,,,
Nixerino,ADC,18,33.30%,5.6,4.1,1.4,3.9,9.8,433,27.6
,,,,,,,,,,
Nji,JUNGLE,22,54.50%,2.9,2,3.7,8.8,4.8,313,11.3
,,,,,,,,,,
NoNholy,TOP,14,42.90%,2.3,2.9,3.3,4.6,7.4,374,24
,,,,,,,,,,
NoXiAK,SUPPORT,18,44.40%,2.8,0.8,3,7.7,1.1,230,8.2
,,,,,,,,,,
Nobody,SUPPORT,1,0%,2,0,1,2,2.8,257,29.4
,,,,,,,,,,
Nobody,ADC,11,18.20%,2.1,2.4,2.6,3.3,10,412,26.9
,,,,,,,,,,
Nolan,SUPPORT,13,0%,1.3,0.8,5.2,5.8,1.1,216,10.2
,,,,,,,,,,
Nolan,ADC,1,0%,0.7,1,6,3,4.7,278,20.6
,,,,,,,,,,
Noma,MID,20,60%,4.2,4,2.4,6,7.4,373,25.1
,,,,,,,,,,
Nomanz,MID,15,86.70%,6.9,6.9,1.9,5.9,8.6,474,29.3
,,,,,,,,,,
Nova,SUPPORT,5,60%,3.4,0.6,2.2,6.8,1,224,7.6
,,,,,,,,,,
Novachrono,TOP,18,22.20%,1.2,2.1,4.1,2.9,8,371,28.1
,,,,,,,,,,
Nuance,TOP,2,100%,5.3,2,1.5,6,7.7,400,21.2
,,,,,,,,,,
Nuclear,SUPPORT,1,100%,10,1,1,9,2.8,310,20.9
,,,,,,,,,,
Nuclear,ADC,25,40%,3.6,2.8,1.8,3.6,9.5,416,23.5
,,,,,,,,,,
Nuguri,TOP,40,50%,2.3,2.9,3.2,4.6,8.7,409,28.5
,,,,,,,,,,
Nukeduck,MID,30,60%,3.8,3.1,2.3,5.6,7.7,375,24.1
,,,,,,,,,,
Nyu,TOP,10,30%,2.9,1.6,2.3,5.1,7,336,19.4
,,,,,,,,,,
Nyx,JUNGLE,18,27.80%,2.5,1.3,2.8,5.8,5,293,11.9
,,,,,,,,,,
Obsess,JUNGLE,29,58.60%,3.1,1.3,2.8,7.5,4.9,305,10.6
,,,,,,,,,,
Obstinatus,SUPPORT,14,42.90%,3.4,1.6,4.1,12.1,1.1,253,10.2
,,,,,,,,,,
Occlumats,TOP,4,75%,3.7,2.8,2.8,7.5,6.4,342,17.9
,,,,,,,,,,
Oddie,JUNGLE,14,71.40%,3.9,2.7,2.5,6.9,5.5,335,14.1
,,,,,,,,,,
Odoamne,TOP,18,33.30%,3.3,2.5,2.1,4.4,7.9,372,22.1
,,,,,,,,,,
Olleh,SUPPORT,21,61.90%,5.3,0.6,2.1,10.8,1.3,237,8.1
,,,,,,,,,,
Olleh,ADC,1,0%,1,0,1,1,7.4,313,21.5
,,,,,,,,,,
OnFleek,JUNGLE,26,30.80%,2.5,2.1,2.7,4.8,5.7,318,13.7
,,,,,,,,,,
Once,JUNGLE,15,33.30%,2.9,2.4,2.9,5.9,5.4,317,15.4
,,,,,,,,,,
Only,JUNGLE,25,60%,5.5,3,1.9,7.5,5.9,346,16.4
,,,,,,,,,,
Optimas,SUPPORT,1,0%,0.7,0,3,2,1.7,212,15.2
,,,,,,,,,,
Optimas,ADC,6,50%,2.7,3.5,2.7,3.7,9,404,29.7
,,,,,,,,,,
Orome,TOP,26,53.80%,2.8,2,2.8,6,7.4,368,20.4
,,,,,,,,,,
Oscarinin,TOP,26,42.30%,1.8,2,2.7,2.9,8.2,385,24.7
,,,,,,,,,,
Own3r,JUNGLE,25,68%,4.6,2.6,2.3,8,5.2,327,15.9
,,,,,,,,,,
PHT,MID,33,27.30%,2.3,3.9,4,5.2,8.2,400,30.1
,,,,,,,,,,
PHT,JUNGLE,1,0%,2.7,4,3,4,8.6,418,29.2
,,,,,,,,,,
Pabu,TOP,6,33.30%,3.1,3.3,2.7,4.8,8.5,418,28.1
,,,,,,,,,,
PainN,SUPPORT,1,0%,2.6,1,5,12,0.3,209,5.7
,,,,,,,,,,
Pake,MID,43,53.50%,4.6,2.8,2,6.2,8.8,388,22.6
,,,,,,,,,,
Palafox,MID,22,77.30%,6.7,5.6,1.9,6.9,8,413,28.1
,,,,,,,,,,
Palette,ADC,4,75%,8.4,2.5,1.3,8,6.3,336,9.3
,,,,,,,,,,
Palette,SUPPORT,28,85.70%,5.5,1,2.5,12.9,1,268,10.4
,,,,,,,,,,
Pancake,JUNGLE,14,78.60%,4.7,2.1,2.2,8.2,5.6,327,12
,,,,,,,,,,
Panj,SUPPORT,2,50%,2.4,1.5,3.5,7,0.8,231,7.1
,,,,,,,,,,
Panj,ADC,1,0%,0.8,1,5,3,5.8,302,6.4
,,,,,,,,,,
Parang,TOP,15,33.30%,2.5,3.8,3.5,4.7,7.7,385,29.3
,,,,,,,,,,
Paranoia,MID,10,20%,2.8,5,3.5,4.8,7.2,369,29.4
,,,,,,,,,,
ParisGRE,MID,6,50%,4.9,4.3,2,5.5,8.6,417,22.3
,,,,,,,,,,
Patrick,ADC,14,21.40%,2.4,3.5,3.5,5,8.6,395,28.9
,,,,,,,,,,
Patrick,SUPPORT,1,100%,4.7,4,3,10,2.3,353,24.6
,,,,,,,,,,
Patrik,SUPPORT,1,0%,0.7,0,3,2,1.9,252,18.8
,,,,,,,,,,
Patrik,ADC,17,41.20%,3.4,3.1,2.4,4.9,9.5,425,30.8
,,,,,,,,,,
Paz,TOP,21,66.70%,4.6,3.1,1.9,5.4,7.1,376,20.7
,,,,,,,,,,
Pbd,SUPPORT,13,46.20%,3.9,0.6,3.1,11.3,0.7,226,8.4
,,,,,,,,,,
Pbd,ADC,2,100%,18,0.5,0.5,8.5,3.7,307,20.6
,,,,,,,,,,
Peanut,JUNGLE,31,45.20%,4,3.5,2.5,6.8,5.6,340,15
,,,,,,,,,,
Perkz,MID,27,74.10%,4.5,5.3,2.7,7,8.2,426,27.2
,,,,,,,,,,
Phantomles,ADC,4,75%,9,4.5,1.5,9,8.3,412,25.2
,,,,,,,,,,
Phantomles,MID,19,73.70%,5.5,5.1,2.1,6.5,7.7,406,28.4
,,,,,,,,,,
Phlaty,MID,15,93.30%,4.5,4.7,2.5,6.7,8,414,23.9
,,,,,,,,,,
Phoenix,TOP,9,55.60%,1.6,2.4,4.2,4.2,6.9,348,20
,,,,,,,,,,
Phones,TOP,36,58.30%,2.6,2.7,3.3,5.7,6.8,358,21.5
,,,,,,,,,,
Photic,SUPPORT,1,0%,4,7,4,9,3.3,327,28.8
,,,,,,,,,,
Photic,ADC,30,56.70%,3.6,3.9,2.6,5.5,8.7,418,25
,,,,,,,,,,
Phrenic,JUNGLE,18,22.20%,2.2,2.4,3.7,5.9,4.8,298,15.9
,,,,,,,,,,
PiOk,ADC,15,40%,3.2,4.5,3.3,5.9,8.3,412,30
,,,,,,,,,,
PiOk,SUPPORT,2,50%,5.5,3.5,2,7.5,2.3,299,27.4
,,,,,,,,,,
Pilot,ADC,4,0%,1.7,0.8,1.8,2.3,9.5,366,25.2
,,,,,,,,,,
Pirean,MID,19,63.20%,3.9,1.9,1.5,4.1,8.3,370,29.8
,,,,,,,,,,
Pitress,ADC,3,66.70%,2.7,0,3.7,10,5.1,282,5.6
,,,,,,,,,,
Pitress,SUPPORT,28,46.40%,3.3,1,3.3,9.9,1,244,9.4
,,,,,,,,,,
Pk,TOP,21,85.70%,5.7,2.6,1.7,6.9,7.2,381,21.4
,,,,,,,,,,
Plasma,SUPPORT,22,59.10%,4.1,1.2,2.4,8.7,1,237,10.3
,,,,,,,,,,
Plasma,ADC,1,0%,1,0,1,1,7.6,303,16.1
,,,,,,,,,,
Plex,MID,10,40%,2.5,1.8,2.8,5.3,6.9,334,24.6
,,,,,,,,,,
Ploxy,JUNGLE,35,60%,4.5,3.4,2.5,7.9,5,328,16.1
,,,,,,,,,,
Plugo,MID,14,78.60%,5.2,2.7,1.8,6.5,8.1,375,25
,,,,,,,,,,
PoP,SUPPORT,17,35.30%,4.2,1,2,7.4,1.1,231,10.4
,,,,,,,,,,
PoP,ADC,3,33.30%,2.6,1,2.7,6,5.6,300,14.6
,,,,,,,,,,
Pobelter,MID,10,20%,2.7,2.8,2.7,4.5,8.7,387,28.4
,,,,,,,,,,
Pocky,SUPPORT,1,0%,1,0,5,5,1.2,198,7.3
,,,,,,,,,,
Police,ADC,33,27.30%,2.9,2.9,2.7,4.9,8.8,404,25.2
,,,,,,,,,,
Potluck,JUNGLE,18,38.90%,3,2.6,2.6,5.2,5.2,315,17
,,,,,,,,,,
Potm,JUNGLE,4,0%,1.1,1.5,4.5,3.5,4.8,291,10.3
,,,,,,,,,,
Potm,MID,1,0%,0,0,3,0,6.9,307,16.1
,,,,,,,,,,
Poulsen,MID,6,33.30%,3.5,2.8,3.2,8.2,7.4,357,22
,,,,,,,,,,
Powder,ADC,2,0%,0.4,0.5,3.5,1,8.3,358,24.9
,,,,,,,,,,
PowerOfEvil,MID,31,54.80%,4.6,4.3,1.8,4.2,9.2,415,35.3
,,,,,,,,,,
Practice,ADC,9,55.60%,2.2,5.4,4.4,4.3,8.5,426,32.8
,,,,,,,,,,
Praedyth,ADC,21,33.30%,3.9,3.6,1.9,3.8,9.6,436,33
,,,,,,,,,,
Praelus,JUNGLE,21,28.60%,2.9,2.4,3.1,6.7,4.6,299,15.3
,,,,,,,,,,
PrettyGRE,MID,26,80.80%,5.5,4.8,1.9,5.7,8.3,417,27
,,,,,,,,,,
PrimeOP,ADC,2,0%,2.4,2,4,7.5,4.3,277,7.2
,,,,,,,,,,
PrimeOP,SUPPORT,28,64.30%,3.6,1,2.6,8.5,1,234,7.7
,,,,,,,,,,
Priskornet,MID,3,33.30%,2,2,2.7,3.3,9,373,30.6
,,,,,,,,,,
Prismal,ADC,20,45%,2.8,3.6,3.2,5.3,8.4,396,25.9
,,,,,,,,,,
Prismal,SUPPORT,1,0%,0.4,0,7,3,1.2,220,12.5
,,,,,,,,,,
Professor,SUPPORT,15,73.30%,3.8,1.5,3.1,10.5,1.1,243,8.6
,,,,,,,,,,
Proker,MID,19,42.10%,4.8,4.1,1.8,4.7,8.1,390,24.5
,,,,,,,,,,
Promisq,SUPPORT,29,58.60%,3.4,0.8,2.6,7.8,1.1,240,8.5
,,,,,,,,,,
Proud,SUPPORT,14,35.70%,4.7,0.5,1.6,6.9,1.1,217,7.9
,,,,,,,,,,
Proud,ADC,1,0%,-,1,0,3,6.7,302,14.4
,,,,,,,,,,
Psclly,TOP,35,60%,2.8,3.3,3.3,5.7,7.2,372,21.6
,,,,,,,,,,
Puff,ADC,29,69%,4.1,5.7,2.6,5,9.7,461,25.3
,,,,,,,,,,
Puff,SUPPORT,2,100%,8.3,4.5,1.5,8,2.5,359,17.8
,,,,,,,,,,
Puki Style,SUPPORT,1,100%,7.7,3,3,20,1.1,330,20.4
,,,,,,,,,,
Puki Style,ADC,30,70%,5.7,5.3,1.9,5.8,9.6,457,28.7
,,,,,,,,,,
Puma,ADC,17,29.40%,3.7,3.6,2.1,4.1,9,398,27.6
,,,,,,,,,,
Pun,TOP,11,27.30%,1.7,3.3,3.5,2.5,7.1,350,29.7
,,,,,,,,,,
Pun1sher,MID,8,50%,3.2,4.5,3,5.1,8.5,416,25
,,,,,,,,,,
Punch,JUNGLE,14,50%,4.6,1.7,1.8,6.6,5,300,11.5
,,,,,,,,,,
PuuLoK,JUNGLE,2,0%,1.4,1.5,4.5,5,5.3,308,10.7
,,,,,,,,,,
Pyosik,JUNGLE,43,67.40%,5,2.6,1.9,6.7,5.7,337,13.8
,,,,,,,,,,
Pyrka,ADC,3,100%,16.5,0.7,0.7,10.3,5.2,323,8.1
,,,,,,,,,,
Pyrka,SUPPORT,21,61.90%,3.7,0.4,2.4,8.4,1,220,6.3
,,,,,,,,,,
Pyton,ADC,14,28.60%,2.8,3.6,3.1,5,8.9,405,26
,,,,,,,,,,
QQ,JUNGLE,14,28.60%,1.9,1.3,3.4,5.1,5,289,10.9
,,,,,,,,,,
Qiuqiu,ADC,1,0%,2.2,3,6,10,3.9,277,10
,,,,,,,,,,
Qiuqiu,SUPPORT,23,65.20%,4.1,0.7,2.4,9.3,1,234,7.3
,,,,,,,,,,
Quad,MID,3,66.70%,5.8,5,1.7,4.7,7.8,385,24.8
,,,,,,,,,,
RNATION,ADC,18,16.70%,2.1,2.8,3.1,3.9,9.2,400,23.7
,,,,,,,,,,
Rabble,JUNGLE,36,58.30%,3.2,3.1,3.1,6.9,5.3,332,15.5
,,,,,,,,,,
Raes,SUPPORT,1,100%,-,4,0,11,1.2,340,19.5
,,,,,,,,,,
Raes,ADC,24,83.30%,6.9,5.1,1.6,5.9,9.6,467,29.3
,,,,,,,,,,
Rafitta,SUPPORT,1,0%,0.5,0,2,1,0.8,204,24.2
,,,,,,,,,,
Rafitta,ADC,22,59.10%,4.5,3.8,2.1,5.9,9.9,447,31.9
,,,,,,,,,,
Raina,ADC,4,100%,14.5,0.3,0.5,7,4.9,298,8.3
,,,,,,,,,,
Raina,SUPPORT,17,58.80%,4.1,1.1,2.2,7.9,1.1,233,6.9
,,,,,,,,,,
Rainbow,MID,6,83.30%,6.2,4.2,1.5,5.2,8.7,417,30.9
,,,,,,,,,,
Ramune,MID,14,28.60%,2.9,1.9,2.1,4.4,7.6,342,23.8
,,,,,,,,,,
Random,MID,31,80.60%,5.8,4.5,2,7.2,8.1,405,27.4
,,,,,,,,,,
Ranger,JUNGLE,15,66.70%,5.3,2.8,2.5,10.3,5.3,337,17.3
,,,,,,,,,,
RapMonsters,MID,14,28.60%,2.5,2.7,3,4.7,7.6,358,25.6
,,,,,,,,,,
Rare,TOP,10,40%,3,2.4,2.6,5.3,6.6,336,22.6
,,,,,,,,,,
Rascal,TOP,41,70.70%,4.1,2.3,1.8,5.1,8.1,381,21.3
,,,,,,,,,,
Rate,ADC,4,50%,4.3,4.8,2.5,6,9.4,442,26.4
,,,,,,,,,,
Raven,TOP,21,42.90%,3.1,3.5,2.3,3.8,8.2,394,23.5
,,,,,,,,,,
Raven,MID,18,27.80%,3.1,3.3,2.4,4.3,8.2,378,27.1
,,,,,,,,,,
Rawbin IV,JUNGLE,16,43.80%,3,2.9,3.1,6.4,5.4,335,16.8
,,,,,,,,,,
Raxhy,JUNGLE,8,25%,1.4,2.3,4.1,3.4,4.8,285,13.8
,,,,,,,,,,
Raxxo,ADC,1,100%,-,1,0,17,5.6,329,11.3
,,,,,,,,,,
Raxxo,SUPPORT,30,70%,4.9,0.6,2.3,10.5,1.1,243,7.2
,,,,,,,,,,
Ray,ADC,13,30.80%,3.3,3.6,2.5,4.6,8.6,393,26.5
,,,,,,,,,,
Ray,TOP,5,40%,1.9,2.6,3,3.2,7.4,361,19.4
,,,,,,,,,,
RayFarky,TOP,15,33.30%,2.2,3.1,3.1,3.7,7.4,366,23.8
,,,,,,,,,,
Rayito,ADC,21,42.90%,4.5,2.5,1.9,6,8.6,389,26
,,,,,,,,,,
Razork,JUNGLE,22,50%,2.6,2.1,3,5.5,4.9,309,14
,,,,,,,,,,
ReGank,JUNGLE,5,40%,3.6,2.8,2,4.4,5.6,324,15.9
,,,,,,,,,,
Reat1vo,JUNGLE,28,67.90%,4.2,2.7,2.7,8.5,5.5,342,15.6
,,,,,,,,,,
RedBert,ADC,1,100%,-,1,0,10,5,326,5.9
,,,,,,,,,,
RedBert,SUPPORT,12,33.30%,3.4,0.8,2.4,7.4,1.1,230,8.5
,,,,,,,,,,
Reeker,MID,18,22.20%,2.2,3.5,3.8,4.9,7.8,373,27.8
,,,,,,,,,,
Rein,JUNGLE,14,42.90%,2.9,2.1,3,6.6,4.8,306,12.6
,,,,,,,,,,
Rekkles,SUPPORT,5,80%,10.2,1.8,1,8.4,2,312,19.6
,,,,,,,,,,
Rekkles,ADC,20,75%,10.4,5.7,1.2,6.3,10.3,482,25.2
,,,,,,,,,,
Renas,TOP,14,28.60%,2.4,2.4,2.8,4.3,7.5,362,27.2
,,,,,,,,,,
Renyu,SUPPORT,2,100%,8.3,6,1.5,6.5,2,339,28.4
,,,,,,,,,,
Renyu,ADC,12,66.70%,5.9,3.2,1.3,4.7,9.4,409,24.8
,,,,,,,,,,
Rest,TOP,19,36.80%,2.5,2.5,2.7,4.3,7.6,369,26.2
,,,,,,,,,,
Revenge,TOP,18,38.90%,2,2.6,3.6,4.5,7.1,356,22.3
,,,,,,,,,,
Revolta,JUNGLE,6,50%,2.8,1.8,2.7,5.5,5.5,310,13.1
,,,,,,,,,,
Rex,MID,19,31.60%,2.3,3.1,3.3,4.6,7.5,358,26.2
,,,,,,,,,,
Rharesh,SUPPORT,1,0%,0.2,0,5,1,1.7,226,22
,,,,,,,,,,
Rharesh,ADC,34,61.80%,3.8,4.8,3,6.5,9.1,432,31.7
,,,,,,,,,,
Rhemio,MID,15,26.70%,2.6,2.1,2.5,4.5,7.3,340,24.4
,,,,,,,,,,
Rhioni,ADC,8,37.50%,2.7,2.9,2.9,5,8.3,379,23.1
,,,,,,,,,,
Rhuckz,SUPPORT,29,72.40%,4.2,1,2.3,8.7,1,237,7.5
,,,,,,,,,,
Rich,TOP,6,50%,1.9,2.2,2.7,2.8,8.7,392,24.8
,,,,,,,,,,
Rifty,TOP,8,25%,1.2,2.1,4.6,3.4,7.5,351,25.4
,,,,,,,,,,
Rika,TOP,29,27.60%,2,2.6,3.8,5.1,7.3,369,23.9
,,,,,,,,,,
Rika,MID,1,0%,1.5,4,4,2,7.4,376,39.5
,,,,,,,,,,
Rikara,ADC,7,14.30%,3.7,6.4,3,4.7,9,443,26.5
,,,,,,,,,,
Rimtuolis,MID,6,33.30%,1.7,3.7,4,3,7.9,364,32.2
,,,,,,,,,,
River,JUNGLE,25,72%,5.4,2.2,1.8,7.4,5.4,328,12.4
,,,,,,,,,,
Riyev,SUPPORT,6,66.70%,4.1,0.5,2.5,9.7,1.2,231,6.3
,,,,,,,,,,
Roach,TOP,4,50%,2.1,3.3,3.3,3.5,7.7,364,17.7
,,,,,,,,,,
Robo,TOP,15,73.30%,2.6,3.2,3.9,6.9,6.8,362,22.4
,,,,,,,,,,
Rock,TOP,21,42.90%,2.6,3.4,3.5,5.5,6.5,350,21.8
,,,,,,,,,,
Rockky,TOP,20,35%,2.2,3.3,3.1,3.4,8.8,410,24.6
,,,,,,,,,,
Rocklho,TOP,18,27.80%,1.5,2.2,4.2,4.1,6.6,337,27
,,,,,,,,,,
Rogue,SUPPORT,21,33.30%,2,0.6,3.4,6.3,1.1,219,7.4
,,,,,,,,,,
Roi,MID,5,40%,4.1,2.8,1.8,4.6,8.3,387,23
,,,,,,,,,,
Roison,MID,18,44.40%,6.1,3.5,1.4,5.3,8.3,387,33.3
,,,,,,,,,,
Roki,MID,15,33.30%,3.1,2.5,2,3.7,7.8,352,25.7
,,,,,,,,,,
RonOP,SUPPORT,34,50%,3.8,1.1,2.7,9.2,1,241,7
,,,,,,,,,,
RooKie,MID,31,71%,3.2,4.2,3.4,6.9,7.4,382,27.3
,,,,,,,,,,
Route,ADC,23,30.40%,3.6,3.3,2,3.7,10.1,422,27.6
,,,,,,,,,,
Route,SUPPORT,1,100%,10,2,1,8,2.2,292,34.7
,,,,,,,,,,
Rubi0o,TOP,6,16.70%,1.3,1.5,3.5,3.2,7.3,337,23.7
,,,,,,,,,,
Ruby,MID,29,44.80%,2.5,2.7,3.5,5.9,7.1,351,25.8
,,,,,,,,,,
Rufus,SUPPORT,27,66.70%,4.8,0.7,2.7,12.4,1,247,8.7
,,,,,,,,,,
Rufus,ADC,4,75%,2.3,1.3,3.8,7.3,5,302,9.4
,,,,,,,,,,
Ruin,TOP,18,16.70%,2.4,2.5,3,4.6,7.6,361,23.3
,,,,,,,,,,
Ruler,ADC,36,72.20%,7.4,4.2,1.1,4.2,10.5,463,31.9
,,,,,,,,,,
Ruler,SUPPORT,5,60%,5.7,2,1.4,6,2.1,299,26.9
,,,,,,,,,,
Rulfchen,JUNGLE,6,16.70%,1.6,1.5,4,5,5.2,297,16.3
,,,,,,,,,,
Ruvelius,SUPPORT,1,0%,1.8,3,5,6,2.4,289,22.8
,,,,,,,,,,
Ruvelius,ADC,12,25%,3.3,2.6,1.9,3.8,9.2,401,32.7
,,,,,,,,,,
Ryan,JUNGLE,20,35%,3.3,3,2.7,6,5.6,329,16.4
,,,,,,,,,,
Ryoma,MID,28,46.40%,3.3,2.9,2.3,4.6,8,365,28.9
,,,,,,,,,,
Ryuzaki,JUNGLE,6,33.30%,2.9,3,3,5.7,5,309,19.5
,,,,,,,,,,
S1d,ADC,1,0%,0.1,0,8,1,5.1,257,5
,,,,,,,,,,
S1d,SUPPORT,34,61.80%,3.3,0.9,3.5,10.6,1.1,237,7.3
,,,,,,,,,,
SIKINTI321,SUPPORT,7,0%,1.4,0.7,3.1,3.6,1,211,10.7
,,,,,,,,,,
SIKINTI321,ADC,1,0%,2,2,4,6,5.1,285,18.4
,,,,,,,,,,
SS,ADC,4,25%,2.6,2.8,1.8,1.8,8.8,379,27.7
,,,,,,,,,,
SaNTaS,ADC,3,100%,16.3,1.3,1,15,6.3,361,10.7
,,,,,,,,,,
SaNTaS,SUPPORT,12,83.30%,6.4,0.9,1.8,10.8,1.4,270,7.9
,,,,,,,,,,
Sacre,TOP,16,25%,2,1.3,2.1,2.9,7.6,354,23.3
,,,,,,,,,,
Saddy,SUPPORT,1,0%,3.3,0,3,10,2.9,263,16.6
,,,,,,,,,,
Saddy,ADC,4,50%,7.7,5.8,1.5,5.8,9,442,31.1
,,,,,,,,,,
Saken,MID,34,38.20%,2.5,3.4,3,4.2,8.6,392,25.6
,,,,,,,,,,
Salut a tous,TOP,18,55.60%,3.8,3.7,2.4,5.4,7.8,399,25.3
,,,,,,,,,,
Sangyoon,ADC,5,60%,6.8,2.6,1,4.2,10.7,440,32.7
,,,,,,,,,,
Santorin,JUNGLE,31,54.80%,3.7,2,2.4,6.8,4.8,303,12.1
,,,,,,,,,,
Sarkis,ADC,6,83.30%,5.9,2.8,1.5,6,8.7,409,23.3
,,,,,,,,,,
Satorius,TOP,18,44.40%,3.1,2.4,2.4,5.3,6.8,341,20.7
,,,,,,,,,,
Saviour,SUPPORT,9,55.60%,2.5,1,4.2,9.4,0.8,237,7
,,,,,,,,,,
Scarface,TOP,21,57.10%,2.8,3,2.9,5.1,7.6,382,22.7
,,,,,,,,,,
Scarlet,MID,2,0%,1.7,1.5,3,3.5,8.8,347,25.3
,,,,,,,,,,
Scarlet,MID,18,44.40%,5.8,4.6,1.6,4.7,8.6,409,30.6
,,,,,,,,,,
Scary,JUNGLE,9,22.20%,2.7,1.6,3.8,8.8,4,274,10
,,,,,,,,,,
Scary,SUPPORT,3,0%,1.5,0.3,4.3,6,1.2,210,9
,,,,,,,,,,
Scout,MID,34,58.80%,5.5,3.6,1.6,5.2,8.7,403,26.7
,,,,,,,,,,
Scuro,SUPPORT,2,0%,3.8,1,2.5,8.5,0.6,218,7.9
,,,,,,,,,,
Sebekx,MID,14,0%,1.9,2.2,3,3.4,7.6,347,26.7
,,,,,,,,,,
Secret,SUPPORT,36,38.90%,2.4,0.3,3.2,7.4,1,217,6.5
,,,,,,,,,,
Sedrion,ADC,2,100%,3.8,2,2.5,7.5,5.2,318,6.3
,,,,,,,,,,
Sedrion,SUPPORT,16,37.50%,4.4,0.8,2,8.1,0.9,225,8.3
,,,,,,,,,,
Seelame,ADC,18,55.60%,4.3,4.3,2.6,6.8,8.9,429,24.3
,,,,,,,,,,
Selfie,MID,6,16.70%,1.1,3.8,6,3,8.2,365,30.4
,,,,,,,,,,
Selfmade,JUNGLE,25,76%,4,4.3,2.6,6.4,5.2,341,18.5
,,,,,,,,,,
Senan,SUPPORT,2,100%,6.5,0.5,2,12.5,1.3,255,7.5
,,,,,,,,,,
Sencux,MID,14,50%,4.6,4.4,2.4,6.4,8,392,26.6
,,,,,,,,,,
SeongHwan,JUNGLE,15,60%,4.9,2.7,2,7.1,5.2,321,13.3
,,,,,,,,,,
Sephis,JUNGLE,6,33.30%,2.5,1.8,2.7,4.8,5,297,13.7
,,,,,,,,,,
Serin,MID,15,53.30%,4.8,4,2.2,6.5,7.3,374,21.8
,,,,,,,,,,
Sertuss,MID,24,79.20%,6.1,4.8,1.6,4.8,9,429,27.3
,,,,,,,,,,
Sevi9,JUNGLE,15,26.70%,1.6,2.1,4.6,5.1,4.7,291,15.2
,,,,,,,,,,
Shadow,JUNGLE,26,53.80%,3.5,3.8,2.7,5.8,5.1,322,17.3
,,,,,,,,,,
Shadow,ADC,2,100%,-,0.5,0,8.5,5.6,323,7.4
,,,,,,,,,,
Shadow,SUPPORT,12,66.70%,5.9,0.3,1.6,9.1,1,222,8.8
,,,,,,,,,,
Shark,ADC,2,0%,2,2,3.5,5,7.9,356,19.3
,,,,,,,,,,
Shawn,SUPPORT,2,0%,1.4,0.5,5,6.5,0.6,192,7.4
,,,,,,,,,,
Shellkunchik,TOP,15,20%,2.1,1.7,3.3,5.3,6.8,324,19.1
,,,,,,,,,,
Shemek,TOP,25,72%,6.8,2.2,1.1,5.4,7.2,367,17.5
,,,,,,,,,,
Shernfire,JUNGLE,21,42.90%,2,2,4.3,6.6,5.4,319,16.4
,,,,,,,,,,
Shiage,MID,17,23.50%,3.2,3.3,2.5,4.7,8.3,372,29.5
,,,,,,,,,,
ShiauC,SUPPORT,35,65.70%,4,1.7,3.1,10.8,1.1,251,8.5
,,,,,,,,,,
Shiganari,SUPPORT,3,100%,11.5,4.3,1.3,11,2.9,370,32.8
,,,,,,,,,,
Shiganari,ADC,12,91.70%,9.3,6.4,1.3,6,8.7,446,30.5
,,,,,,,,,,
Shini,JUNGLE,14,42.90%,3.1,2.4,2.9,6.6,5.3,325,16.2
,,,,,,,,,,
Shinsekai,TOP,18,27.80%,2.1,1.6,2.9,4.7,6.7,330,24.8
,,,,,,,,,,
Shiziy,JUNGLE,1,0%,2,2,3,4,4.7,334,10
,,,,,,,,,,
Shlatan,JUNGLE,31,71%,4.6,3.1,2.6,8.8,4.8,334,14.8
,,,,,,,,,,
Shlyapojor,MID,15,20%,1.9,3.5,4.2,4.3,8.5,386,30.8
,,,,,,,,,,
Shok,MID,25,52%,3.5,2.9,2.1,4.4,8.4,385,29.1
,,,,,,,,,,
ShowMaker,MID,40,50%,4.9,3,1.6,4.9,8.8,394,25.5
,,,,,,,,,,
Shu Hari,SUPPORT,11,54.50%,3.4,0.8,2.3,6.8,1.1,234,11.3
,,,,,,,,,,
Siler,MID,7,57.10%,3.8,3.9,1.9,3.1,9.5,425,32
,,,,,,,,,,
SimSin,ADC,1,0%,0.7,0,3,2,4.6,241,7.9
,,,,,,,,,,
SimSin,SUPPORT,13,30.80%,2.4,1.1,3.1,6.2,1.3,233,10.1
,,,,,,,,,,
Simpy,SUPPORT,14,21.40%,1.7,0.5,3.5,5.4,1.1,216,9.9
,,,,,,,,,,
Sinmivak,TOP,24,66.70%,4.9,2.3,1.6,5.5,8.2,394,24.9
,,,,,,,,,,
SirNukesAlot,ADC,1,100%,-,1,0,8,5,306,5.1
,,,,,,,,,,
SirNukesAlot,SUPPORT,23,78.30%,5.2,0.9,1.9,9,0.8,237,7.6
,,,,,,,,,,
Sirinox,SUPPORT,1,0%,0.7,2,3,0,2.4,276,30.7
,,,,,,,,,,
Sirinox,ADC,13,100%,6.2,3.7,2,8.8,7.7,409,23.9
,,,,,,,,,,
Siuman,MID,16,25%,2.8,3.8,2.8,3.9,8.2,382,26.4
,,,,,,,,,,
Siuman,TOP,1,0%,1,1,4,3,10.5,410,20.7
,,,,,,,,,,
Skar,TOP,14,21.40%,1.8,2.8,3.5,3.4,7.5,367,23.9
,,,,,,,,,,
Skash,SUPPORT,14,42.90%,2.9,0.7,2.9,7.7,1.1,233,8.3
,,,,,,,,,,
Skeanz,JUNGLE,18,11.10%,2.7,1.9,2.3,4.3,4.9,286,13.4
,,,,,,,,,,
Sky,MID,6,50%,3.4,3.5,2.3,4.3,8.6,391,29
,,,,,,,,,,
SkyBart,TOP,6,33.30%,2.5,2.7,2.5,3.7,8.2,408,28.5
,,,,,,,,,,
Sl4shD,TOP,16,31.30%,2.4,2.7,2.8,3.9,7.7,369,21.7
,,,,,,,,,,
Slayder,ADC,39,64.10%,4.1,5,2.3,4.2,9.8,457,23.8
,,,,,,,,,,
Slayder,SUPPORT,1,0%,3,1,2,5,1.5,248,20.9
,,,,,,,,,,
Slayer,SUPPORT,28,67.90%,4.3,1,2.6,10.4,1,241,9.1
,,,,,,,,,,
Sleeping,TOP,24,79.20%,3.3,3.4,2.5,4.8,7.8,402,23.8
,,,,,,,,,,
Slow,SUPPORT,14,71.40%,6.8,0.6,1.5,9.5,1,241,10.7
,,,,,,,,,,
Slugger,TOP,2,0%,0.8,2.5,5,1.5,8,368,35.2
,,,,,,,,,,
SmLz,SUPPORT,4,50%,4.5,1.8,1.5,5,2,300,26.1
,,,,,,,,,,
SmLz,ADC,29,48.30%,3.4,3.2,2.1,4,9.7,430,29.9
,,,,,,,,,,
Smacl3r,TOP,6,33.30%,1.5,1.8,3.7,3.7,5.9,303,18.6
,,,,,,,,,,
Smoothie,SUPPORT,18,16.70%,2.5,0.7,2.8,6.2,1,208,7.1
,,,,,,,,,,
Smurf,TOP,14,50%,2.7,2.5,2.7,4.9,7.5,368,22
,,,,,,,,,,
Snowlz,MID,3,0%,1.2,3,4.7,2.7,7.3,357,23.8
,,,,,,,,,,
SoHwan,TOP,38,55.30%,2.3,1.2,2,3.5,7.9,358,19.9
,,,,,,,,,,
SoaR,TOP,4,0%,0.8,0.3,3,2.3,7.7,331,29.2
,,,,,,,,,,
SofM,JUNGLE,38,44.70%,3.4,1.8,3.1,8.9,5.3,318,13.2
,,,,,,,,,,
SolidSnake,JUNGLE,14,78.60%,5.3,1.9,1.6,6.4,4.8,304,10
,,,,,,,,,,
Soligo,MID,21,42.90%,3.3,3.4,2.6,5,8.1,386,26.6
,,,,,,,,,,
Sorn,JUNGLE,45,51.10%,3.9,2.7,2.6,7.3,5.4,337,13.6
,,,,,,,,,,
Souli,JUNGLE,21,33.30%,2.1,1.8,3.1,4.7,4.7,293,15
,,,,,,,,,,
Southwind,SUPPORT,29,69%,4.5,1,2.4,9.6,1.2,250,6.5
,,,,,,,,,,
Southwind,ADC,2,100%,12,0.5,1,11.5,5.2,330,5.8
,,,,,,,,,,
Sparz,SUPPORT,5,60%,4.6,1.4,2.8,11.6,1.2,244,9.9
,,,,,,,,,,
Speedy,JUNGLE,6,16.70%,2.7,4.3,4,6.3,4.6,311,12.1
,,,,,,,,,,
Spica,JUNGLE,25,56%,3.6,1.9,2.8,8.1,4.8,310,12.2
,,,,,,,,,,
SpieleAufDe,SUPPORT,6,33.30%,0.9,0.3,6.2,5.2,1.1,214,8.7
,,,,,,,,,,
Spirit,JUNGLE,31,48.40%,3.6,2,2.4,6.5,4.9,305,13.7
,,,,,,,,,,
StarScreen,TOP,15,53.30%,3.4,3.1,2.9,6.6,7.8,389,23
,,,,,,,,,,
Stark,TOP,4,75%,3,3.3,3,5.8,7.9,-,-
,,,,,,,,,,
Steal,JUNGLE,19,73.70%,4,1.7,2.2,7,4.8,305,13.1
,,,,,,,,,,
Steeelback,SUPPORT,16,43.80%,3.3,0.9,2.9,8.5,0.9,216,6.1
,,,,,,,,,,
Stefan,SUPPORT,6,16.70%,4.1,1.3,2.7,9.7,1,228,8.9
,,,,,,,,,,
StenBosse,TOP,21,57.10%,3.9,2.8,2.5,6.8,6.7,357,28.3
,,,,,,,,,,
Stepz,SUPPORT,1,0%,0.3,0,4,1,2.1,225,23.5
,,,,,,,,,,
Sting,JUNGLE,5,40%,3.1,3.6,3.4,7,5.3,326,19
,,,,,,,,,,
Stixxay,ADC,21,14.30%,3.1,2.7,2.3,4.4,9.1,391,29.4
,,,,,,,,,,
Stixxay,SUPPORT,1,0%,1,2,3,1,1.5,239,19.6
,,,,,,,,,,
Stomaged,JUNGLE,16,62.50%,3.3,1.8,2.8,7.4,4.5,304,11.1
,,,,,,,,,,
StormFury,SUPPORT,1,0%,0,0,2,0,1.5,198,5.4
,,,,,,,,,,
Straight,TOP,14,78.60%,5.8,1.6,1.2,5.4,8.6,398,23.9
,,,,,,,,,,
Stunt,SUPPORT,28,46.40%,1.7,0.8,3.7,5.6,1.1,221,8.1
,,,,,,,,,,
Styled,ADC,8,0%,1.4,1.8,3.3,2.8,8.4,354,24.4
,,,,,,,,,,
Summit,TOP,29,34.50%,2.1,2.1,2.9,4,8.2,372,27.1
,,,,,,,,,,
Supa,ADC,26,42.30%,3,3.5,2.2,3.2,9.1,411,32.3
,,,,,,,,,,
Supershoto,MID,14,28.60%,2.1,3.1,3.4,4.1,6.7,335,24.9
,,,,,,,,,,
Svenskeren,JUNGLE,29,51.70%,2.3,1.8,3.3,5.8,4.7,296,13.4
,,,,,,,,,,
Swip3rR,TOP,25,60%,3.1,2.5,2.8,6.2,7.1,359,20
,,,,,,,,,,
Sword,TOP,27,33.30%,1.9,1.4,2.7,3.6,7.3,336,21.2
,,,,,,,,,,
SwordArt,SUPPORT,38,44.70%,3.1,0.6,3.2,9.3,1,228,7.4
,,,,,,,,,,
Szygenda,TOP,21,71.40%,3.4,2.3,2.5,6.1,7.1,366,21
,,,,,,,,,,
TANK,MID,5,80%,5.2,2.6,1.8,6.8,9.6,432,25.2
,,,,,,,,,,
TH,TOP,30,46.70%,2.2,3.2,3.3,4.2,8.1,388,27.7
,,,,,,,,,,
TaNa,TOP,2,100%,13,9,1,4,8.4,468,24.8
,,,,,,,,,,
Taba,ADC,14,21.40%,2.5,2.1,2.6,4.4,8,362,25.6
,,,,,,,,,,
Tabasko,JUNGLE,23,73.90%,5.2,2.9,2,7.7,5.3,339,14
,,,,,,,,,,
Tactical,ADC,17,52.90%,3.6,3.7,2.1,4,9.6,427,27.2
,,,,,,,,,,
Tally,MID,15,80%,7,2.7,1.5,7.6,8.1,399,22
,,,,,,,,,,
Targamas,SUPPORT,13,46.20%,3.9,0.8,2.8,10.2,1,236,7.7
,,,,,,,,,,
Tarky,ADC,1,0%,2.3,2,3,5,4.6,285,8.8
,,,,,,,,,,
Tarky,SUPPORT,14,50%,3.7,0.9,2.7,9.1,1,228,9.4
,,,,,,,,,,
Tarzan,JUNGLE,42,31%,2.8,1.7,2.1,4.1,5.1,293,13.4
,,,,,,,,,,
Tay,TOP,9,33.30%,2.5,2.4,2.9,4.9,7.7,369,25.5
,,,,,,,,,,
Teacherma,MID,19,52.60%,4.5,3.7,2.6,8.2,7,368,24.5
,,,,,,,,,,
Teddy,SUPPORT,1,0%,-,2,0,9,3.2,298,27
,,,,,,,,,,
Teddy,ADC,41,68.30%,6.6,4.1,1.3,4.5,10.9,467,31.5
,,,,,,,,,,
Tempt,MID,39,38.50%,2.9,2.3,2.2,4.3,8.7,374,26.7
,,,,,,,,,,
Th3Antonio,TOP,26,80.80%,4.2,2.1,2,6.5,7.1,365,19.5
,,,,,,,,,,
Thal,TOP,5,60%,4.1,2.2,1.6,4.4,8.5,387,21.2
,,,,,,,,,,
TheShy,TOP,31,71%,2.1,3.3,4.5,6.3,7.7,406,28.6
,,,,,,,,,,
Thien,TOP,29,72.40%,3.6,3.8,2.6,5.5,7.4,390,22.5
,,,,,,,,,,
Tian,JUNGLE,33,69.70%,3.8,2.6,2.7,7.8,5.2,329,14.1
,,,,,,,,,,
Tianci,TOP,6,50%,1.7,3.2,4,3.5,8.1,397,24.5
,,,,,,,,,,
TicTac,SUPPORT,14,28.60%,1.9,0.6,4,7.2,1,218,9.2
,,,,,,,,,,
Tierwulf,JUNGLE,6,66.70%,3.6,3,2.5,6,4.9,314,11.2
,,,,,,,,,,
Tiger,SUPPORT,10,20%,2.5,0.8,3.4,7.7,1,226,8.9
,,,,,,,,,,
Tiger,ADC,17,23.50%,3.5,2.9,2.2,4.9,9.5,406,25.3
,,,,,,,,,,
Tiger,SUPPORT,1,0%,0.5,1,4,1,1.9,247,21.6
,,,,,,,,,,
Tinowns,MID,15,60%,7.5,3.7,1.3,5.7,8.2,389,29.5
,,,,,,,,,,
Tirex,MID,12,8.30%,1.1,1.3,4.7,3.9,7.1,322,20.3
,,,,,,,,,,
Titan,ADC,5,40%,2.3,3,3.2,4.2,9.4,410,28.2
,,,,,,,,,,
Titan,SUPPORT,1,100%,15,1,1,14,1.9,290,26.3
,,,,,,,,,,
Tolkin,TOP,29,58.60%,3.3,2.5,2.4,5.3,7.7,386,23.5
,,,,,,,,,,
Tonerre,MID,14,42.90%,2.5,3.4,3,4.1,8.6,397,25.3
,,,,,,,,,,
TopLop,MID,14,28.60%,2.8,3.1,2.6,3.9,9.3,406,37
,,,,,,,,,,
Topoon,TOP,25,84%,6.4,3.3,1.6,7.2,6.8,378,21.6
,,,,,,,,,,
Tore,ADC,1,0%,0.8,1,4,2,7.1,315,23
,,,,,,,,,,
Tore,SUPPORT,17,41.20%,2.1,0.6,3.6,7.1,1,223,7.5
,,,,,,,,,,
Toucouille,MID,25,72%,4.8,4.1,2.1,6.2,8.1,404,27.9
,,,,,,,,,,
TrAshley,SUPPORT,7,57.10%,3.7,0.4,2.6,9.1,0.7,216,8
,,,,,,,,,,
Travanques,JUNGLE,20,60%,3.9,2.7,2.5,7,5.8,336,14.3
,,,,,,,,,,
Treatz,ADC,1,0%,0.8,1,6,4,4.7,267,8.2
,,,,,,,,,,
Treatz,SUPPORT,24,58.30%,4.1,0.8,2.5,9.3,0.9,231,8.6
,,,,,,,,,,
Trenie,ADC,14,28.60%,1.8,1.5,3.1,4.2,8.1,362,28.1
,,,,,,,,,,
Trenie,SUPPORT,3,0%,1.3,1,2.3,2,1.9,243,27.3
,,,,,,,,,,
Trick,JUNGLE,18,22.20%,1.7,1.4,3.4,4.3,4.9,290,13.7
,,,,,,,,,,
Trigger,ADC,6,16.70%,1.5,1.8,2.7,2.2,8.2,355,26.9
,,,,,,,,,,
Triple,MID,18,38.90%,3,2.5,2.5,4.9,8.8,388,30.3
,,,,,,,,,,
Trix,JUNGLE,15,46.70%,2.8,1.7,3.7,8.7,4.8,299,11.3
,,,,,,,,,,
Truklax,TOP,25,68%,4.9,3.2,1.9,6.2,8,401,21.3
,,,,,,,,,,
Trymbi,SUPPORT,17,23.50%,1.9,0.8,4.3,7.6,1.1,221,9.3
,,,,,,,,,,
Trymbi,ADC,1,0%,0.5,2,4,0,5.5,299,11.9
,,,,,,,,,,
Tuesday,MID,18,22.20%,2,2.7,3.1,3.4,8.1,367,29.2
,,,,,,,,,,
TusiN,ADC,4,100%,8,1,0.8,5,6.5,348,9.7
,,,,,,,,,,
TusiN,SUPPORT,39,48.70%,3.3,0.5,2.2,6.7,1,230,8.3
,,,,,,,,,,
Tussle,JUNGLE,14,28.60%,2.4,2.1,2.9,4.9,4.8,291,11.4
,,,,,,,,,,
Tutsz,MID,15,33.30%,3.1,2.5,2.5,5.3,8,368,21.3
,,,,,,,,,,
Twiizt,MID,2,0%,1,1,2.5,1.5,10.2,393,21.3
,,,,,,,,,,
Twiizt,JUNGLE,4,0%,1.6,2.5,5.3,5.8,4.5,290,11.4
,,,,,,,,,,
TynX,JUNGLE,17,70.60%,3.4,3.3,2.9,6.8,5.4,353,15.8
,,,,,,,,,,
Tyrin,TOP,8,37.50%,1.9,2,3,3.6,6.8,337,18.8
,,,,,,,,,,
UDYSOF,JUNGLE,1,100%,3.3,1,4,12,4.1,299,4.7
,,,,,,,,,,
Ucal,MID,41,31.70%,2.6,2,2.2,3.8,8.3,358,24.7
,,,,,,,,,,
Uloper,ADC,1,0%,2.2,2,5,9,3.6,294,9
,,,,,,,,,,
Uloper,SUPPORT,17,23.50%,1.5,1.1,3.9,4.9,1,222,9.2
,,,,,,,,,,
UmTi,JUNGLE,2,100%,4,1.5,2.5,8.5,5.1,311,10.9
,,,,,,,,,,
Umut,MID,15,20%,2.6,2.9,2.4,3.3,8.9,383,26.6
,,,,,,,,,,
Unfail,TOP,1,0%,0.3,2,7,0,6.7,338,24.2
,,,,,,,,,,
Unforgiven,JUNGLE,12,50%,3.4,2,2.1,5.1,4.7,294,9.5
,,,,,,,,,,
Unforgiven,ADC,22,45.50%,4,3.3,1.9,4.1,9.3,418,25.6
,,,,,,,,,,
Uniboy,MID,23,69.60%,6.5,3.7,1.5,6.2,8.2,393,27.8
,,,,,,,,,,
Unified,SUPPORT,4,75%,21,5.3,0.8,10.5,1.5,339,26.1
,,,,,,,,,,
Unified,ADC,21,71.40%,6.4,3.6,1.2,4.3,9.8,432,29.5
,,,,,,,,,,
Unknown,TOP,14,21.40%,2.4,2.3,2.7,4.1,7,341,20.4
,,,,,,,,,,
Untara,TOP,8,50%,2.1,1.1,2.3,3.6,7,325,21.9
,,,,,,,,,,
UpseT,ADC,29,58.60%,6.5,4.2,1.5,5.8,9.6,438,30
,,,,,,,,,,
UpseT,SUPPORT,1,100%,-,3,0,2,1.6,323,28.2
,,,,,,,,,,
V1PER,TOP,17,47.10%,2.2,1.7,2.6,4.1,7.9,358,21.3
,,,,,,,,,,
Valhalla,SUPPORT,1,0%,6.7,10,3,10,2.8,349,24.4
,,,,,,,,,,
Valhalla,ADC,5,0%,2.7,3.2,2.8,4.4,8.9,387,23.3
,,,,,,,,,,
Valkyr1e x,TOP,6,83.30%,3.1,3.2,2.3,4,7.5,392,26.3
,,,,,,,,,,
VandeR,ADC,2,100%,-,1.5,0,8.5,4.9,309,12.2
,,,,,,,,,,
VandeR,SUPPORT,24,45.80%,2.4,0.6,2.7,5.9,0.9,221,8.7
,,,,,,,,,,
Vasked,ADC,1,0%,0.3,0,3,1,5.4,263,10.1
,,,,,,,,,,
Vasked,SUPPORT,20,85%,4.4,1.1,3,12.1,1,249,8.2
,,,,,,,,,,
Ventair,TOP,20,20%,2,2.6,3.4,4,7.4,357,21.6
,,,,,,,,,,
Venus,SUPPORT,32,53.10%,3,0.7,3.1,8.4,1.2,243,8.7
,,,,,,,,,,
Venus,ADC,4,75%,5.4,2.3,2,8.5,5.1,314,7.1
,,,,,,,,,,
Venzer,ADC,23,65.20%,5.5,3.4,2.1,8,7.9,396,24.6
,,,,,,,,,,
Venzer,SUPPORT,1,0%,2,1,2,3,0.8,237,21.9
,,,,,,,,,,
Vetheo,MID,17,70.60%,3.4,4.4,2.9,5.4,8.1,412,25.4
,,,,,,,,,,
Victory,TOP,5,20%,1.2,2.4,5.6,4.2,6.6,359,23
,,,,,,,,,,
Victory,MID,20,25%,1.9,3.2,4.1,4.5,7.6,366,24.5
,,,,,,,,,,
Vigil,MID,11,45.50%,2.3,3.3,3.4,4.4,7.4,360,23.4
,,,,,,,,,,
Viketox,SUPPORT,18,27.80%,2,0.4,3.3,6.3,1,209,6
,,,,,,,,,,
Viking,JUNGLE,12,41.70%,3.7,1.6,2.7,8.3,5,303,11.8
,,,,,,,,,,
Vince,TOP,14,0%,1.6,1.9,2.8,2.5,7.5,347,23.4
,,,,,,,,,,
Vinxen,JUNGLE,7,57.10%,5.4,4.3,2.4,8.9,5.1,360,18.1
,,,,,,,,,,
Violet,ADC,11,54.50%,5.9,4.2,1.8,6.5,9.7,432,31.3
,,,,,,,,,,
Viper,ADC,40,32.50%,3.9,3.1,1.6,3.2,10.3,425,32.8
,,,,,,,,,,
Viper,SUPPORT,2,0%,1,1,3.5,2.5,1.3,237,25.6
,,,,,,,,,,
Visdom,ADC,3,66.70%,2.7,0.7,2,4.7,6.2,323,12.1
,,,,,,,,,,
Visdom,SUPPORT,33,57.60%,4.5,0.8,2.5,10.3,1.1,245,9
,,,,,,,,,,
Vit,ADC,34,26.50%,3,4.8,3.1,4.4,9.6,433,27.2
,,,,,,,,,,
Vital,ADC,24,50%,3.5,3,2.2,4.7,10.1,437,29.3
,,,,,,,,,,
Vlk,TOP,17,41.20%,2.3,2.6,3.3,5,7,352,25.8
,,,,,,,,,,
Von,MID,18,55.60%,3.5,4.6,2.9,5.8,7.6,389,25.4
,,,,,,,,,,
Vrow,MID,17,47.10%,3.3,4.1,3.4,6.9,7,369,25.1
,,,,,,,,,,
Vsta,SUPPORT,2,100%,-,2,0,7.5,1.4,277,23.6
,,,,,,,,,,
Vsta,ADC,31,35.50%,3.3,2.8,2.2,4.3,8.9,393,25.2
,,,,,,,,,,
Vulcan,SUPPORT,24,91.70%,8.2,1.2,1.3,9.8,1.1,261,8
,,,,,,,,,,
Vulcan,ADC,1,100%,-,0,0,8,5.5,333,15
,,,,,,,,,,
WaenA,MID,15,66.70%,3.6,3,2.4,5.5,7.4,364,24.1
,,,,,,,,,,
Wako,SUPPORT,1,0%,1.7,3,3,2,1.7,247,28.7
,,,,,,,,,,
Wako,ADC,22,72.70%,7,4.3,1.4,5.6,9.7,448,30.7
,,,,,,,,,,
Wakz,ADC,14,42.90%,3.9,3.1,2,4.7,8.8,404,25.9
,,,,,,,,,,
Warangelus,ADC,14,71.40%,11,3.9,0.8,4.8,9.7,447,31.6
,,,,,,,,,,
Wardain,TOP,12,41.70%,3.7,2.1,2.2,5.9,7.3,348,20.8
,,,,,,,,,,
Warden,JUNGLE,6,33.30%,3.5,2,2.2,5.5,5.9,320,19.7
,,,,,,,,,,
Warszi,MID,14,21.40%,3.7,3.3,1.9,3.9,8.8,378,28.3
,,,,,,,,,,
Wasteee,ADC,6,83.30%,4.6,4.8,2.8,8.3,8.6,425,28.8
,,,,,,,,,,
Wasteee,SUPPORT,2,0%,1.1,1.5,4,3,1.3,255,18.4
,,,,,,,,,,
Wei,JUNGLE,35,65.70%,5.4,2.6,2.5,11,4.6,325,13.5
,,,,,,,,,,
WeiWei,ADC,2,0%,3.1,2.5,3.5,8.5,7.9,376,25.3
,,,,,,,,,,
WeiYan,JUNGLE,14,42.90%,2.7,2.6,3.7,7.5,4.7,317,13.8
,,,,,,,,,,
Wendelbo,SUPPORT,7,71.40%,4.6,0.3,2,8.9,0.9,235,7.2
,,,,,,,,,,
WerIyb,TOP,30,60%,3.5,2.9,2.6,6.2,7.6,381,24.1
,,,,,,,,,,
Whiteknight,TOP,19,57.90%,4,2.6,2.1,5.7,7.4,366,22.8
,,,,,,,,,,
Whitelotus,ADC,14,78.60%,8.1,5.1,1.1,4.1,10.5,475,29.9
,,,,,,,,,,
Wiggily,JUNGLE,18,16.70%,2.3,1.7,3.2,5.7,5.4,305,13.6
,,,,,,,,,,
WildTurtle,SUPPORT,1,100%,11,2,1,9,2.7,310,19.3
,,,,,,,,,,
WildTurtle,ADC,30,53.30%,3.4,2.8,2.2,4.6,8.9,397,23.1
,,,,,,,,,,
WillTheScout,SUPPORT,6,16.70%,1.4,0.7,4.3,5.3,1.1,215,9.6
,,,,,,,,,,
Wind,ADC,14,28.60%,2.1,1.8,2.9,4.2,8.3,372,24.3
,,,,,,,,,,
Wing,SUPPORT,20,35%,1.7,0.6,3.6,5.5,1.1,219,7
,,,,,,,,,,
Wink,ADC,35,65.70%,6.4,4.9,2,7.8,10,464,30
,,,,,,,,,,
Winter,JUNGLE,5,80%,3.4,2.2,2.4,6,5.6,330,14.4
,,,,,,,,,,
Wiz,JUNGLE,15,33.30%,3.1,2.5,2.7,5.7,5.3,315,15.4
,,,,,,,,,,
Wizer,TOP,3,66.70%,5.8,1.7,1.3,6,8.2,385,21.1
,,,,,,,,,,
Wondro,TOP,31,48.40%,2.6,3.9,3.3,4.8,8.5,424,30
,,,,,,,,,,
WooFe,TOP,15,66.70%,3.2,3.5,3.3,7.2,7,379,23.9
,,,,,,,,,,
Woodboy,SUPPORT,5,40%,2.8,0.6,2.4,6,1,214,8.3
,,,,,,,,,,
Woodboy,ADC,1,100%,8,3,2,13,5.5,349,5.6
,,,,,,,,,,
Woody,SUPPORT,15,26.70%,2.6,0.5,2.6,6.2,1.2,225,8.8
,,,,,,,,,,
Woody,ADC,3,66.70%,7.6,2.3,1.7,10.3,6.5,352,15.8
,,,,,,,,,,
Woolite,SUPPORT,2,100%,1.8,5,6.5,7,2.6,319,29
,,,,,,,,,,
Woolite,ADC,23,73.90%,5.4,4.1,1.9,5.9,9.7,453,33.9
,,,,,,,,,,
Worst,ADC,28,67.90%,6.1,5.1,1.9,6.3,8.7,432,27
,,,,,,,,,,
Wos,SUPPORT,15,53.30%,2.7,0.7,3.4,8.5,1.1,229,8.2
,,,,,,,,,,
Wuming,MID,5,40%,3.5,3,3.8,10.2,6.6,333,25.9
,,,,,,,,,,
Wunder,TOP,27,74.10%,3.4,3,3.3,8,7.2,382,19.7
,,,,,,,,,,
Wysek,JUNGLE,4,25%,1.9,0.5,4.3,7.5,4.4,264,14.7
,,,,,,,,,,
XDSMILEY,ADC,25,72%,5.5,4.7,2.1,6.8,9.4,457,26.8
,,,,,,,,,,
XLB,JUNGLE,33,57.60%,3.3,2.2,2.8,7.1,4.7,304,12.3
,,,,,,,,,,
Xaky,MID,25,68%,6.6,4.2,1.4,5.4,8.3,396,25.7
,,,,,,,,,,
Xerxe,JUNGLE,30,60%,4.7,2.8,2,6.5,5,315,15.5
,,,,,,,,,,
Xiaobai,TOP,35,65.70%,3.8,3,2.7,7.5,7,367,19.1
,,,,,,,,,,
Xiaopeng,JUNGLE,27,44.40%,3,2.6,3.3,7.3,5.2,326,13.6
,,,,,,,,,,
Xiaowei,MID,9,55.60%,4.4,2.6,2.1,6.8,8.2,378,28.6
,,,,,,,,,,
Xico,MID,29,72.40%,3.8,4.7,2.7,5.5,9.2,430,32.4
,,,,,,,,,,
XinMo,SUPPORT,38,47.40%,2.6,0.5,3.1,7.7,0.9,225,6.4
,,,,,,,,,,
XinMo,ADC,2,0%,0.5,0,4,2,4,236,13.7
,,,,,,,,,,
Xioh,MID,21,57.10%,3.8,4.8,2.6,5,9.2,429,30.7
,,,,,,,,,,
Xixauxas,SUPPORT,17,17.60%,1.7,0.6,3.7,5.6,1.1,215,10
,,,,,,,,,,
Xmithie,JUNGLE,19,42.10%,2,1.3,2.9,4.7,4.7,285,12.6
,,,,,,,,,,
XoNix,MID,14,42.90%,2,2.7,3.4,4.1,7.9,357,25.7
,,,,,,,,,,
XuHao,JUNGLE,34,50%,3.3,2.7,3.3,8.1,4.9,326,14.2
,,,,,,,,,,
Xx,JUNGLE,35,34.30%,2.3,1.8,3,5.1,5,303,12.4
,,,,,,,,,,
Xypherz,JUNGLE,12,16.70%,2.2,1.2,2.5,4.4,4.4,268,8.8
,,,,,,,,,,
Xyraz,TOP,4,25%,1.5,2.3,4.3,4,7.1,341,30.5
,,,,,,,,,,
Y1,JUNGLE,8,37.50%,2.6,3.4,3.8,6.5,5.1,335,15.3
,,,,,,,,,,
Y4,SUPPORT,7,14.30%,2.4,0.7,3.9,8.7,1.5,243,14
,,,,,,,,,,
Y4,ADC,22,0%,1.6,2.7,3.1,2.2,8.4,381,28.7
,,,,,,,,,,
Yado,MID,34,50%,3.8,4.2,2.6,5.5,7.9,387,28.8
,,,,,,,,,,
Yagao,MID,32,68.80%,6.3,3.4,1.5,6,8.2,387,25.5
,,,,,,,,,,
Yaharong,MID,2,100%,14,4,1,10,8.3,431,30.7
,,,,,,,,,,
Yamato,ADC,16,31.30%,3.1,4.6,3.2,5.3,9.6,435,30.7
,,,,,,,,,,
Yampi,JUNGLE,15,53.30%,3.1,2,3,7.3,4.9,308,13.5
,,,,,,,,,,
YellOwStaR,SUPPORT,16,68.80%,4.2,0.7,2.4,9.3,1.1,244,7.1
,,,,,,,,,,
YellOwStaR,ADC,1,100%,7,0,1,7,5.1,289,3.3
,,,,,,,,,,
YiJin,JUNGLE,40,62.50%,2.9,3.1,3.3,6.5,5.8,355,16.9
,,,,,,,,,,
Yin,SUPPORT,3,66.70%,3.7,0.3,2,7,1.3,229,6.6
,,,,,,,,,,
Yoshi,JUNGLE,25,44%,2.9,1.3,3,7.3,4.5,286,9
,,,,,,,,,,
Yoshino,TOP,36,61.10%,3.1,2.8,2.7,5.7,7.7,386,26.4
,,,,,,,,,,
Ysera,ADC,1,0%,1.5,0,2,3,5.5,269,7.8
,,,,,,,,,,
Ysera,SUPPORT,22,72.70%,4.3,0.4,2,8.5,1,229,7.3
,,,,,,,,,,
Yuhi,SUPPORT,1,0%,0.8,0,4,3,1.6,220,16.4
,,,,,,,,,,
Yuhi,ADC,14,35.70%,4.3,2.2,1.6,4.5,8.4,373,27.5
,,,,,,,,,,
Yung,JUNGLE,7,14.30%,1.2,1.6,5.4,4.7,4,262,11.2
,,,,,,,,,,
Yusui,MID,21,38.10%,3.1,2.7,2.5,5.1,8.1,374,24.2
,,,,,,,,,,
Yutapon,ADC,19,73.70%,8.7,3.6,0.9,4.6,9.2,428,28.1
,,,,,,,,,,
Yutorimoyashi,SUPPORT,2,100%,-,3,0,10,3.8,342,27.6
,,,,,,,,,,
Yutorimoyashi,ADC,17,58.80%,4.8,2.9,1.2,2.7,9.7,424,30.6
,,,,,,,,,,
Yuuki,MID,31,45.20%,3.1,3.4,3.1,6.1,8.3,396,25.6
,,,,,,,,,,
Yuuki60,ADC,14,14.30%,3.3,3,2.1,3.8,9.1,394,27
,,,,,,,,,,
ZWuJi,SUPPORT,5,40%,3.1,1.6,2.8,7.2,1.8,265,23.1
,,,,,,,,,,
ZWuJi,ADC,29,44.80%,4.1,4.2,2.6,6.3,9.1,418,28.1
,,,,,,,,,,
ZaZee,MID,20,55%,4.4,3.5,2.1,5.7,9.5,418,31.5
,,,,,,,,,,
Zaki,SUPPORT,14,7.10%,1.9,0.9,4.1,6.9,1.2,225,10.3
,,,,,,,,,,
Zanzarah,JUNGLE,25,76%,3.5,2.4,2.9,7.5,4.5,312,11.5
,,,,,,,,,,
Zeicro,ADC,2,0%,3.7,3.5,3,7.5,9,400,28.7
,,,,,,,,,,
Zeitnot,ADC,14,57.10%,3,3.4,2.8,4.9,9.3,429,27.6
,,,,,,,,,,
Zeitnot,SUPPORT,2,100%,29,5,0.5,9.5,1.7,366,28.9
,,,,,,,,,,
Zeka,MID,10,20%,3.3,2.9,1.6,2.3,7.7,345,29.5
,,,,,,,,,,
Zelt,TOP,8,25%,1.6,1.8,2.4,2,7.5,347,23.3
,,,,,,,,,,
Zelt,JUNGLE,2,0%,3.3,2.5,3.5,9,4.6,287,10.9
,,,,,,,,,,
Zenit,ADC,5,20%,1.6,0.8,3.4,4.6,8,347,26
,,,,,,,,,,
Zerito,TOP,6,0%,1.9,2.7,3.8,4.5,8,363,20.3
,,,,,,,,,,
Zeros,TOP,8,87.50%,3.2,5,3.4,5.8,8.6,436,21.1
,,,,,,,,,,
Zeyzal,SUPPORT,25,52%,3.8,0.8,2,6.9,1.1,231,8.9
,,,,,,,,,,
Zeyzal,ADC,2,100%,4.3,3,3,10,5.9,347,16.7
,,,,,,,,,,
Zin,SUPPORT,17,29.40%,3.8,0.8,2.4,8.1,1.1,225,7.2
,,,,,,,,,,
ZionSpartan,TOP,18,44.40%,3.3,2.6,2.2,4.7,7.6,378,23.3
,,,,,,,,,,
Ziv,TOP,23,69.60%,3.7,1.8,2,5.8,7.1,348,21.1
,,,,,,,,,,
Zoom,TOP,12,100%,7.2,2.6,1.4,7.7,8.1,421,21.5
,,,,,,,,,,
Zuao,JUNGLE,1,0%,0.6,1,5,2,4.6,272,14.4
,,,,,,,,,,
Zven,SUPPORT,1,100%,-,8,0,2,2.1,381,35.1
,,,,,,,,,,
Zven,ADC,24,91.70%,11.8,4.6,0.9,6.2,9.7,464,24.9
,,,,,,,,,,
Zwyroo,MID,6,16.70%,2.7,2.8,2.5,3.8,8,367,26.8
,,,,,,,,,,
aki,MID,21,57.10%,3.6,4,2.6,5.2,7.7,380,20.5
,,,,,,,,,,
allorim,TOP,18,38.90%,2.6,2.1,2.2,3.7,8.3,373,20.4
,,,,,,,,,,
apaMEN,TOP,19,63.20%,1.7,1.6,2.6,2.8,7.9,364,19.6
,,,,,,,,,,
arnax,MID,5,40%,3.5,6,3.4,6,7.4,387,31.4
,,,,,,,,,,
ayel,TOP,6,50%,3.1,1.8,2.5,5.8,7.5,358,22.2
,,,,,,,,,,
bAZZILISKS,ADC,1,0%,0.1,0,7,1,4.8,239,18.6
,,,,,,,,,,
bAZZILISKS,SUPPORT,5,0%,1.2,1.4,6.8,6.6,0.4,222,13.6
,,,,,,,,,,
behave,JUNGLE,18,44.40%,3.6,1.9,2.2,6.1,5.3,311,10.5
,,,,,,,,,,
beishang,JUNGLE,29,48.30%,4.1,3,2.6,7.6,5.5,339,16.7
,,,,,,,,,,
belong1,ADC,4,25%,2.9,4,3,4.8,8.5,401,27.4
,,,,,,,,,,
blank,JUNGLE,19,63.20%,2.5,1.6,2.4,4.2,5.3,299,12.4
,,,,,,,,,,
bluerzor,JUNGLE,25,72%,5.2,4,2.4,8.4,5.5,352,19.5
,,,,,,,,,,
bono,JUNGLE,39,59%,3.9,1.3,2,6.5,5.2,311,12.6
,,,,,,,,,,
brTT,ADC,15,60%,4.9,3.5,1.8,5.4,9.3,423,27.8
,,,,,,,,,,
bucu,MID,17,23.50%,2.1,2.8,2.4,2.4,8.4,374,27.1
,,,,,,,,,,
catjug,JUNGLE,21,42.90%,3.2,4.5,3.2,5.6,6.8,380,16.5
,,,,,,,,,,
chenlun17,TOP,2,0%,0.3,0,4.5,1.5,7.3,301,20.5
,,,,,,,,,,
clx,ADC,5,20%,2.3,2.8,4,6.4,7.5,360,23.2
,,,,,,,,,,
clx,MID,9,0%,1.3,1.4,3.7,3.4,7.4,331,28.2
,,,,,,,,,,
clx,SUPPORT,8,0%,1,0.5,5,4.4,2.8,244,11.9
,,,,,,,,,,
clx,TOP,2,0%,0.5,1,4,1,7.3,323,23.4
,,,,,,,,,,
cody,MID,14,14.30%,2,2.6,3,3.4,8.6,379,31.7
,,,,,,,,,,
cogcog,TOP,19,47.40%,2.7,1.9,2.7,5.4,7,340,21.1
,,,,,,,,,,
cold,SUPPORT,29,48.30%,2.8,0.9,2.6,6.4,1.1,233,8.1
,,,,,,,,,,
cold,ADC,4,50%,3.8,0.3,1.3,4.5,5.6,275,5.3
,,,,,,,,,,
darkchri,ADC,1,0%,2,2,5,8,4,271,8.4
,,,,,,,,,,
darkchri,SUPPORT,15,46.70%,2.6,0.9,3.4,8.1,1,235,9.1
,,,,,,,,,,
destroy,TOP,5,80%,4.8,3.6,1.8,5,8.4,412,24.1
,,,,,,,,,,
dibu,JUNGLE,9,55.60%,2.5,2.4,3.9,7.1,4.4,306,11.1
,,,,,,,,,,
dyNquedo,MID,6,66.70%,8.9,4,1.3,7.8,7.7,395,25.3
,,,,,,,,,,
esA,SUPPORT,6,66.70%,6.1,1.2,1.8,10,1.2,250,10.6
,,,,,,,,,,
fNb,TOP,15,53.30%,3.1,3,3,6.3,7.5,387,22.1
,,,,,,,,,,
fabFabulous,TOP,14,28.60%,2.1,2.4,3.1,4.2,7.4,354,25
,,,,,,,,,,
fenfen,TOP,3,33.30%,1.7,0.7,3.7,5.7,6.1,311,16.4
,,,,,,,,,,
flare,ADC,6,66.70%,9.3,4.5,1.2,6.3,9.4,437,26.6
,,,,,,,,,,
fuRy,SUPPORT,3,33.30%,2.9,0.3,2.7,7.3,1.1,217,4.7
,,,,,,,,,,
gunkrab,ADC,14,21.40%,2,2.6,3.3,4.1,8.9,390,28.9
,,,,,,,,,,
gunkrab,SUPPORT,7,42.90%,2.3,0.3,4.3,9.4,1.1,220,6.6
,,,,,,,,,,
hachamecha,JUNGLE,19,47.40%,2.5,2.1,3.1,5.5,4.9,299,11.9
,,,,,,,,,,
huanfeng,ADC,36,47.20%,4.1,4.9,2.6,5.5,9.9,457,33.4
,,,,,,,,,,
iBOY,SUPPORT,3,33.30%,2.4,1,3.7,7.7,2.5,293,27.4
,,,,,,,,,,
iBOY,ADC,38,47.40%,4.3,3.2,1.9,4.8,9.6,424,30
,,,,,,,,,,
iBo,TOP,31,71%,4.1,2.9,2.3,6.4,7.2,383,21.5
,,,,,,,,,,
icon,MID,33,48.50%,3.2,2.8,2.3,4.6,8.4,384,26.8
,,,,,,,,,,
itzRenifer,ADC,12,25%,3.1,2.7,2.3,4.3,8.4,392,30.7
,,,,,,,,,,
itzRenifer,SUPPORT,2,0%,4.8,2,2,7.5,2.5,302,27.4
,,,,,,,,,,
jactroll,SUPPORT,10,0%,1.1,0.4,3.9,3.7,0.9,199,8.9
,,,,,,,,,,
jinjiao,SUPPORT,2,0%,0.4,0,4,1.5,1.5,226,13.5
,,,,,,,,,,
jinjiao,ADC,38,47.40%,3.9,3,2.1,5,9.4,422,26.5
,,,,,,,,,,
k1ng,ADC,22,77.30%,6.2,6,2.1,7.2,9.8,462,30.2
,,,,,,,,,,
kamilius,SUPPORT,20,55%,4.9,1,2.1,9,1,232,8.6
,,,,,,,,,,
kamilius,ADC,1,100%,-,3,0,11,3.8,306,11.2
,,,,,,,,,,
killua,ADC,5,100%,9.8,2,1.6,13.6,4.2,310,10.8
,,,,,,,,,,
killua,SUPPORT,11,36.40%,3.6,0,2.6,9.4,1.2,225,7.7
,,,,,,,,,,
kingen,TOP,32,46.90%,2.4,2.7,2.8,4.2,7.5,369,24.4
,,,,,,,,,,
kubYD,SUPPORT,14,28.60%,1.7,0.6,3.1,4.7,1,214,9.5
,,,,,,,,,,
kubYD,ADC,3,0%,1.6,0.3,1.7,2.3,5.7,281,7.8
,,,,,,,,,,
kurO,MID,43,53.50%,4.7,2.3,1.4,4.5,8.3,370,25.2
,,,,,,,,,,
lwandy,SUPPORT,2,0%,0.3,0,5.5,1.5,1.2,195,7.7
,,,,,,,,,,
mag1cian,ADC,2,0%,1.3,3,5,3.5,7.5,372,35.6
,,,,,,,,,,
mag1cian,MID,4,0%,1.2,4,6.3,3.5,8.1,384,32.2
,,,,,,,,,,
meiko,SUPPORT,34,58.80%,3.5,0.6,2.7,8.6,1,230,7.5
,,,,,,,,,,
melody,TOP,1,0%,3,0,1,3,7.2,299,24.8
,,,,,,,,,,
micaO,SUPPORT,1,100%,10,3,1,7,1.5,300,17.6
,,,,,,,,,,
micaO,ADC,9,44.40%,4.2,3.2,2,5.1,8.9,408,26.9
,,,,,,,,,,
mot?lek,MID,8,37.50%,1.9,2.9,4.3,5,7.7,368,23.7
,,,,,,,,,,
nano,SUPPORT,5,0%,1.5,0.8,4,5.2,1.2,206,8.6
,,,,,,,,,,
nano,ADC,1,0%,1,0,4,4,6.7,296,13.6
,,,,,,,,,,
ninja,MID,19,47.40%,3,2.5,2.5,4.8,7.7,358,24.9
,,,,,,,,,,
ordno,ADC,20,60%,4.5,4.6,2.5,6.5,8.8,431,26.6
,,,,,,,,,,
ordno,SUPPORT,1,100%,4,3,3,9,2,304,21.4
,,,,,,,,,,
pbO,SUPPORT,1,0%,2.5,0,2,5,1.9,233,13.1
,,,,,,,,,,
pbO,ADC,5,40%,4,3.8,2,4.2,8.6,414,22.8
,,,,,,,,,,
pooh,SUPPORT,14,28.60%,2.1,0.4,2.6,5.1,1,204,6.1
,,,,,,,,,,
rare7,ADC,23,56.50%,4.7,4.3,2.1,5.4,9.6,440,29.6
,,,,,,,,,,
rare7,SUPPORT,2,100%,7.3,1.5,2,13,1.4,287,21.4
,,,,,,,,,,
robocop,TOP,31,80.60%,6.1,3.7,1.8,7.2,7.1,389,21.3
,,,,,,,,,,
sOAZ,TOP,19,42.10%,1.9,1.1,2.5,3.6,7.1,330,23.6
,,,,,,,,,,
seiya,MID,14,71.40%,9.3,3.6,0.9,5,8.4,401,26.7
,,,,,,,,,,
shy,MID,16,37.50%,2.8,4.3,3.4,5.1,7.5,383,26.8
,,,,,,,,,,
solo,TOP,14,64.30%,3,2.4,2.8,6,7.8,384,20.9
,,,,,,,,,,
ssumday,TOP,28,46.40%,2.9,2.2,2.1,3.9,8.1,379,22.1
,,,,,,,,,,
stillnumb,MID,15,40%,3.1,3.8,3.2,6.3,7.8,384,27.2
,,,,,,,,,,
uinyan,TOP,16,31.30%,2.2,1.8,2.4,3.6,8,377,22.5
,,,,,,,,,,
unho1y,ADC,6,16.70%,2.3,1.7,2.7,4.3,7.7,359,22.1
,,,,,,,,,,
viviD,SUPPORT,19,47.40%,2.9,0.6,2.6,7.1,1.1,222,9.3
,,,,,,,,,,
wilq,ADC,17,41.20%,3,4.2,3.2,5.2,8.7,407,24.2
,,,,,,,,,,
xKenzuke,MID,15,46.70%,3,4.6,3.1,4.6,7.9,386,32.4
,,,,,,,,,,
xTyLk,MID,17,29.40%,1.6,2.1,3.9,4,7.8,353,25.6
,,,,,,,,,,
xiaohan,JUNGLE,18,0%,1.2,1.6,4.3,3.8,4.9,299,13.3
,,,,,,,,,,
xiaohu,MID,33,57.60%,3.7,3.6,2.5,5.5,8.4,397,29.6
,,,,,,,,,,
xiaoxiang,TOP,7,42.90%,2.1,2.6,2.6,2.7,7,344,21.5
,,,,,,,,,,
xiye,MID,22,31.80%,3.1,3.5,2.5,4.3,7.9,380,27.1
,,,,,,,,,,
yT,TOP,5,20%,1.6,1.6,3.8,4.6,7.4,367,25.5
,,,,,,,,,,
yang,TOP,15,60%,2.8,2.3,2.8,5.5,7.3,366,22.1
,,,,,,,,,,
yuyanjia,SUPPORT,9,44.40%,2.9,0.8,3.3,9,0.9,244,7.9
